Name,Post-Review Decision,Source for Storage Data,Storage Data Type,Source_Name,Identifier,Historical API URL,Source for Capacity,Data Source Notes,Actions to Allow Inclusion,Total Capacity,Active Capacity,Live Capacity,Preferred Label for Map and Table,Preferred Label for PopUp and Modal,Longitude,Latitude,huc6,doiRegion,state,storage_capacity_label,RISE Parameter ID for Storage Data,Has Exclusive Flood Control Pool?,capacity_value,reservoir_notes,wwdh_30yr_api_url,source_30yr_api_url,Ownership,USGS Parameter Code
Abiquiu,Include if possible,USACE https://water.usace.army.mil/overview/spa/locations/abiquiu,Storage,USACE,spa/Abiquiu.Stor.Inst.15Minutes.0.DCP-rev,https://water.usace.army.mil/cda/reporting/providers/spa/timeseries?name=Abiquiu.Stor.Inst.15Minutes.0.DCP-rev&begin=1990-10-01T00:00:00.000Z&end=2020-10-01T00:00:00.000Z&format=csv,USACE https://w3.spa.usace.army.mil/wc/PertinentData/ Top of Reservoir Volume in Acre-Feet,"Daily data available in HDB and capacity data available here: https://w3.spa.usace.army.mil/wc/PertinentData/, https://water.usace.army.mil/overview/spa/locations/abiquiu",Use USACE data,"1,662,770",,,Abiquiu,Abiquiu Reservoir (Abiquiu Dam),,,,,,Total,,,1662770,,https://api.wwdh.internetofwater.app/collections/usace-edr/locations/259043?parameter-name=Conservation%20Storage&datetime=1990-10-01/2020-10-01&f=json,https://water.usace.army.mil/cda/reporting/providers/spa/timeseries?name=Abiquiu.Stor.Inst.15Minutes.0.DCP-rev&begin=1990-10-01T00:00:00.000Z&end=2020-10-01T00:00:00.000Z&format=csv,USACE,
Agate,Include (Omit % Avg if needed),RISE,Storage,RISE,7166,https://api.wwdh.internetofwater.app/collections/rise-edr/locations/7166?limit=50000&datetime=1990-10-01/2020-10-01&f=json,USBR Enterprise Asset Registry,,,4780,4670,4720,Agate,Agate Reservoir (Agate Dam),,,,,,Active,3,,4670,,https://api.wwdh.internetofwater.app/collections/rise-edr/locations/7166?parameter-name=3&limit=50000&datetime=1990-10-01/2020-10-01&f=json,https://data.usbr.gov/rise/api/result?locationId%5B%5D=7166&parameterId%5B%5D=3&dateTime%5Bafter%5D=1990-09-30&dateTime%5Bbefore%5D=2020-10-01&itemsPerPage=15000,Reclamation,
Alcova,Include,RISE,Storage,RISE,259,https://api.wwdh.internetofwater.app/collections/rise-edr/locations/259?limit=50000&datetime=1990-10-01/2020-10-01&f=json,USBR Enterprise Asset Registry,,,184405,30603,184314,Alcova,Alcova Reservoir (Alcova Dam),,,,,,Total,3,,184405,,https://api.wwdh.internetofwater.app/collections/rise-edr/locations/259?parameter-name=3&limit=50000&datetime=1990-10-01/2020-10-01&f=json,https://data.usbr.gov/rise/api/result?locationId%5B%5D=259&parameterId%5B%5D=3&dateTime%5Bafter%5D=1990-09-30&dateTime%5Bbefore%5D=2020-10-01&itemsPerPage=15000,Reclamation,
Alfalfa Ditch Diversion Dam,Do Not Include,,Storage,0,--,,,,,,,0,,,,,,,,,,,,,,,,
Alice,Include,RISE,Storage,RISE,266,https://api.wwdh.internetofwater.app/collections/rise-edr/locations/266?limit=50000&datetime=1990-10-01/2020-10-01&f=json,USBR Enterprise Asset Registry,,,11034,11034,11034,Lake Alice,Lake Alice (Lake Alice Dams),,,,,,Total,3,,11034,,https://api.wwdh.internetofwater.app/collections/rise-edr/locations/266?parameter-name=3&limit=50000&datetime=1990-10-01/2020-10-01&f=json,https://data.usbr.gov/rise/api/result?locationId%5B%5D=266&parameterId%5B%5D=3&dateTime%5Bafter%5D=1990-09-30&dateTime%5Bbefore%5D=2020-10-01&itemsPerPage=15000,Reclamation,
Alice 2,Include,RISE,Storage,RISE,394,https://api.wwdh.internetofwater.app/collections/rise-edr/locations/394?limit=50000&datetime=1990-10-01/2020-10-01&f=json,USBR Enterprise Asset Registry,,,1166,1143,1143,Little Lake Alice,Little Lake Alice (Little Lake Alice Dam),,,,,,Total,3,,1166,,https://api.wwdh.internetofwater.app/collections/rise-edr/locations/394?parameter-name=3&limit=50000&datetime=1990-10-01/2020-10-01&f=json,https://data.usbr.gov/rise/api/result?locationId%5B%5D=394&parameterId%5B%5D=3&dateTime%5Bafter%5D=1990-09-30&dateTime%5Bbefore%5D=2020-10-01&itemsPerPage=15000,Reclamation,
Almena Diversion,Do Not Include,,Storage,0,--,,,"GP Hydromet - ALKS (no storage, gage height only)",,,,0,,,,,,,,,,,,,,,,
Altus,Include if possible,RISE,Storage,RISE,3640,https://api.wwdh.internetofwater.app/collections/rise-edr/locations/3640?limit=50000&datetime=1990-10-01/2020-10-01&f=json,USBR Enterprise Asset Registry,GP Hydromet - ALTUS (has storage),Add Storage Data to RISE,147925,147387,147387,Altus,Lake Altus (Altus Dam),,,,,,Total,3,,147925,,https://api.wwdh.internetofwater.app/collections/rise-edr/locations/3640?parameter-name=3&limit=50000&datetime=1990-10-01/2020-10-01&f=json,https://data.usbr.gov/rise/api/result?locationId%5B%5D=3640&parameterId%5B%5D=3&dateTime%5Bafter%5D=1990-09-30&dateTime%5Bbefore%5D=2020-10-01&itemsPerPage=15000,Reclamation,
American Falls,Include (Omit % Avg if needed),RISE,Storage,RISE,7167,https://api.wwdh.internetofwater.app/collections/rise-edr/locations/7167?limit=50000&datetime=1990-10-01/2020-10-01&f=json,USBR Enterprise Asset Registry,,,1672590,1672590,1672590,American Falls,American Falls Reservoir (American Falls Dam),,,,,,Active,3,,1672590,,https://api.wwdh.internetofwater.app/collections/rise-edr/locations/7167?parameter-name=3&limit=50000&datetime=1990-10-01/2020-10-01&f=json,https://data.usbr.gov/rise/api/result?locationId%5B%5D=7167&parameterId%5B%5D=3&dateTime%5Bafter%5D=1990-09-30&dateTime%5Bbefore%5D=2020-10-01&itemsPerPage=15000,Reclamation,
Anchor,Include,RISE,Storage,RISE,262,https://api.wwdh.internetofwater.app/collections/rise-edr/locations/262?limit=50000&datetime=1990-10-01/2020-10-01&f=json,USBR Enterprise Asset Registry,,,17228,17162,17162,Anchor,Anchor Reservoir (Anchor Dam),,,,,,Total,3,,17228,,https://api.wwdh.internetofwater.app/collections/rise-edr/locations/262?parameter-name=3&limit=50000&datetime=1990-10-01/2020-10-01&f=json,https://data.usbr.gov/rise/api/result?locationId%5B%5D=262&parameterId%5B%5D=3&dateTime%5Bafter%5D=1990-09-30&dateTime%5Bbefore%5D=2020-10-01&itemsPerPage=15000,Reclamation,
Anderson Ranch,Include (Omit % Avg if needed),RISE,Storage,RISE,3641,https://api.wwdh.internetofwater.app/collections/rise-edr/locations/3641?limit=50000&datetime=1990-10-01/2020-10-01&f=json,USBR Enterprise Asset Registry,,,474942,413074,450030,Anderson Ranch,Anderson Ranch Reservoir (Anderson Ranch Dam),,,,,,Active,3,,413074,,https://api.wwdh.internetofwater.app/collections/rise-edr/locations/3641?parameter-name=3&limit=50000&datetime=1990-10-01/2020-10-01&f=json,https://data.usbr.gov/rise/api/result?locationId%5B%5D=3641&parameterId%5B%5D=3&dateTime%5Bafter%5D=1990-09-30&dateTime%5Bbefore%5D=2020-10-01&itemsPerPage=15000,Reclamation,
Anderson-Rose Diversion,Do Not Include,,Storage,0,--,,,,,,,0,,,,,,,,,,,,,,,,
Angostura,Include,RISE,Storage,RISE,257,https://api.wwdh.internetofwater.app/collections/rise-edr/locations/257?limit=50000&datetime=1990-10-01/2020-10-01&f=json,USBR Enterprise Asset Registry,,,123048,80843,117390,Angostura,Angostura Reservoir (Angostura Dam),,,,,,Total,3,,123048,,https://api.wwdh.internetofwater.app/collections/rise-edr/locations/257?parameter-name=3&limit=50000&datetime=1990-10-01/2020-10-01&f=json,https://data.usbr.gov/rise/api/result?locationId%5B%5D=257&parameterId%5B%5D=3&dateTime%5Bafter%5D=1990-09-30&dateTime%5Bbefore%5D=2020-10-01&itemsPerPage=15000,Reclamation,
Angostura Diversion,Do Not Include,,Storage,0,--,,,,,,,0,,,,,,,,,,,,,,,,
Anita,Do Not Include,,Storage,0,--,,,,,,317,0,,,,,,,,,,,,,,,,
Apache,Do Not Include,,Storage,0,--,,,,,,,245048,,,,,,,,,,,,,,,,
Arrowhead,Do Not Include,,Storage,0,3691,,,,,,,,,,,,,,,,,,,,,,,
Arrowrock,Include (Omit % Avg if needed),RISE,Storage,RISE,3642,https://api.wwdh.internetofwater.app/collections/rise-edr/locations/3642?limit=50000&datetime=1990-10-01/2020-10-01&f=json,USBR Enterprise Asset Registry,,,272224,271710,271710,Arrowrock,Arrowrock Reservoir (Arrowrock Dam),,,,,,Active,3,,271710,,https://api.wwdh.internetofwater.app/collections/rise-edr/locations/3642?parameter-name=3&limit=50000&datetime=1990-10-01/2020-10-01&f=json,https://data.usbr.gov/rise/api/result?locationId%5B%5D=3642&parameterId%5B%5D=3&dateTime%5Bafter%5D=1990-09-30&dateTime%5Bbefore%5D=2020-10-01&itemsPerPage=15000,Reclamation,
Ashland Lateral Diversion,Do Not Include,,Storage,0,--,,,,,,,0,,,,,,,,,,,,,,,,
Atkinson Diversion Dam,Do Not Include,,Storage,0,--,,,,,,,0,,,,,,,,,,,,,,,,
Audobon,Do Not Include,,Storage,0,2,,,,,,,,,,,,,,,,,,,,,,,
Avalon,Include,RISE,Storage,RISE,267,https://api.wwdh.internetofwater.app/collections/rise-edr/locations/267?limit=50000&datetime=1990-10-01/2020-10-01&f=json,USBR Enterprise Asset Registry,,,4466,4466,4466,Avalon,Avalon Reservoir (Avalon Dam),,,,,,Total,3,,4484,,https://api.wwdh.internetofwater.app/collections/rise-edr/locations/267?parameter-name=3&limit=50000&datetime=1990-10-01/2020-10-01&f=json,https://data.usbr.gov/rise/api/result?locationId%5B%5D=267&parameterId%5B%5D=3&dateTime%5Bafter%5D=1990-09-30&dateTime%5Bbefore%5D=2020-10-01&itemsPerPage=15000,Reclamation,
Banks,Include (Omit % Avg if needed),RISE,Storage,RISE,7264,https://api.wwdh.internetofwater.app/collections/rise-edr/locations/7264?limit=50000&datetime=1990-10-01/2020-10-01&f=json,USBR Enterprise Asset Registry,,,1275000,715000,1053000,Banks Lake (Dry Falls Dam),Banks Lake (Dry Falls Dam),,,,,,Active,3,,715000,,https://api.wwdh.internetofwater.app/collections/rise-edr/locations/7264?parameter-name=3&limit=50000&datetime=1990-10-01/2020-10-01&f=json,https://data.usbr.gov/rise/api/result?locationId%5B%5D=7264&parameterId%5B%5D=3&dateTime%5Bafter%5D=1990-09-30&dateTime%5Bbefore%5D=2020-10-01&itemsPerPage=15000,Reclamation,
Barretts Diversion,Do Not Include,,Storage,0,--,,,,,,,0,,,,,,,,,,,,,,,,
Bartlett,Do Not Include,,Storage,0,--,,,,,,,178000,,,,,,,,,,,,,,,,
Bartley Diversion,Do Not Include,,Storage,0,--,,,"GP Hydromet - BANE (canal gage, no storage, gage height only)",,,,0,,,,,,,,,,,,,,,,
Beaver Creek Diversion,Do Not Include,,Storage,0,--,,,,,,,0,,,,,,,,,,,,,,,,
Beaver Dam Creek Diversion,Do Not Include,,Storage,0,--,,,,,,,0,,,,,,,,,,,,,,,,
Belle Fourche,Include,RISE,Storage,RISE,274,https://api.wwdh.internetofwater.app/collections/rise-edr/locations/274?limit=50000&datetime=1990-10-01/2020-10-01&f=json,USBR Enterprise Asset Registry,,,172873,169790,169790,Belle Fourche,Belle Fourche Reservoir (Belle Fourche Dam),,,,,,Total,3,,172873,,https://api.wwdh.internetofwater.app/collections/rise-edr/locations/274?parameter-name=3&limit=50000&datetime=1990-10-01/2020-10-01&f=json,https://data.usbr.gov/rise/api/result?locationId%5B%5D=274&parameterId%5B%5D=3&dateTime%5Bafter%5D=1990-09-30&dateTime%5Bbefore%5D=2020-10-01&itemsPerPage=15000,Reclamation,
Belle Fourche Diversion,Do Not Include,,Storage,0,--,,,,,,,0,,,,,,,,,,,,,,,,
Berryessa,Include,RISE,Storage,RISE,272,https://api.wwdh.internetofwater.app/collections/rise-edr/locations/272?limit=50000&datetime=1990-10-01/2020-10-01&f=json,USBR Enterprise Asset Registry,,,1602278,1591938,1591938,Berryessa (Monticello Dam),Lake Berryessa (Monticello Dam),,,,,,Total,3,,1602278,,https://api.wwdh.internetofwater.app/collections/rise-edr/locations/272?parameter-name=3&limit=50000&datetime=1990-10-01/2020-10-01&f=json,https://data.usbr.gov/rise/api/result?locationId%5B%5D=272&parameterId%5B%5D=3&dateTime%5Bafter%5D=1990-09-30&dateTime%5Bbefore%5D=2020-10-01&itemsPerPage=15000,Reclamation,
Beulah,Include (Omit % Avg if needed),RISE,Storage,RISE,3643,https://api.wwdh.internetofwater.app/collections/rise-edr/locations/3643?limit=50000&datetime=1990-10-01/2020-10-01&f=json,USBR Enterprise Asset Registry,,,59212,59212,59212,Beulah (Agency Valley Dam),Beulah Reservoir (Agency Valley Dam),,,,,,Active,3,,59212,,https://api.wwdh.internetofwater.app/collections/rise-edr/locations/3643?parameter-name=3&limit=50000&datetime=1990-10-01/2020-10-01&f=json,https://data.usbr.gov/rise/api/result?locationId%5B%5D=3643&parameterId%5B%5D=3&dateTime%5Bafter%5D=1990-09-30&dateTime%5Bbefore%5D=2020-10-01&itemsPerPage=15000,Reclamation,
Big Sandy,Include,RISE,Storage,RISE,277,https://api.wwdh.internetofwater.app/collections/rise-edr/locations/277?limit=50000&datetime=1990-10-01/2020-10-01&f=json,USBR Enterprise Asset Registry,,,38100,38300,36700,Big Sandy,Big Sandy Reservoir (Big Sandy Dam),,,,,,Live,3,,49631,,https://api.wwdh.internetofwater.app/collections/rise-edr/locations/277?parameter-name=3&limit=50000&datetime=1990-10-01/2020-10-01&f=json,https://data.usbr.gov/rise/api/result?locationId%5B%5D=277&parameterId%5B%5D=3&dateTime%5Bafter%5D=1990-09-30&dateTime%5Bbefore%5D=2020-10-01&itemsPerPage=15000,Reclamation,
Big Thompson Diversion,Do Not Include,,Storage,0,--,,,,,,,0,,,,,,,,,,,,,,,,
Bighorn,Include,RISE,Storage,RISE,275,https://api.wwdh.internetofwater.app/collections/rise-edr/locations/275?limit=50000&datetime=1990-10-01/2020-10-01&f=json,USBR Enterprise Asset Registry,,,1263682,796209,1245327,Bighorn (Yellowtail Dam),Bighorn Lake (Yellowtail Dam),,,,,,Total,3,Yes,1011052,,https://api.wwdh.internetofwater.app/collections/rise-edr/locations/275?parameter-name=3&limit=50000&datetime=1990-10-01/2020-10-01&f=json,https://data.usbr.gov/rise/api/result?locationId%5B%5D=275&parameterId%5B%5D=3&dateTime%5Bafter%5D=1990-09-30&dateTime%5Bbefore%5D=2020-10-01&itemsPerPage=15000,Reclamation,
Bighorn River and BIA Canal near St. Xavier,Do Not Include,,Storage,0,276,,,,,,,,,,,,,,,,,,,,,,,
Billy Clapp,Include (Omit % Avg if needed),RISE,Storage,RISE,7168,https://api.wwdh.internetofwater.app/collections/rise-edr/locations/7168?limit=50000&datetime=1990-10-01/2020-10-01&f=json,USBR Enterprise Asset Registry,,,64200,21200,62300,Billy Clapp (Pinto Dam),Billy Clapp Lake (Pinto Dam),,,,,,Active,3,,21200,,https://api.wwdh.internetofwater.app/collections/rise-edr/locations/7168?parameter-name=3&limit=50000&datetime=1990-10-01/2020-10-01&f=json,https://data.usbr.gov/rise/api/result?locationId%5B%5D=7168&parameterId%5B%5D=3&dateTime%5Bafter%5D=1990-09-30&dateTime%5Bbefore%5D=2020-10-01&itemsPerPage=15000,Reclamation,
Black Canyon,Do Not Include,RISE,Storage,RISE,7175,https://api.wwdh.internetofwater.app/collections/rise-edr/locations/7175?limit=50000&datetime=1990-10-01/2020-10-01&f=json,USBR Enterprise Asset Registry,,,29822,,0,Black Canyon (Black Canyon Diversion Dam),Black Canyon Reservoir (Black Canyon Diversion Dam),,,,,,Active,TBD,,0,,,,Reclamation,
Blanco Diversion,Do Not Include,,Storage,0,--,,,,,,,0,,,,,,,,,,,,,,,,
Blue Mesa,Include,RISE,Storage,RISE,1533,https://api.wwdh.internetofwater.app/collections/rise-edr/locations/1533?limit=50000&datetime=1990-10-01/2020-10-01&f=json,USBR Enterprise Asset Registry,,,938469,748430,827269,Blue Mesa,Blue Mesa Reservoir (Blue Mesa Dam),,,,,,Live,3,,938141,,https://api.wwdh.internetofwater.app/collections/rise-edr/locations/1533?parameter-name=3&limit=50000&datetime=1990-10-01/2020-10-01&f=json,https://data.usbr.gov/rise/api/result?locationId%5B%5D=1533&parameterId%5B%5D=3&dateTime%5Bafter%5D=1990-09-30&dateTime%5Bbefore%5D=2020-10-01&itemsPerPage=15000,Reclamation,
Boca,Include if possible,USGS Boca Res NR Truckee CA - USGS-10344490,Storage,USGS,10344490,https://api.waterdata.usgs.gov/ogcapi/v0/collections/daily/items?f=json&monitoring_location_id=USGS-10344490&parameter_code=00054&time=1990-10-01/2020-09-30&limit=50000,USBR Enterprise Asset Registry,Boca Res NR Truckee CA - USGS-10344490 and https://www.troa.net/tis,Use USGS Data,41110,40870,40870,Boca,Boca Reservoir (Boca Dam),-120.0955,39.3901,,,,Total,,,41110,,,https://api.waterdata.usgs.gov/ogcapi/v0/collections/daily/items?f=json&monitoring_location_id=USGS-10344490&parameter_code=00054&time=1990-10-01/2020-09-30&limit=50000,Reclamation,
Boise River Diversion,Do Not Include,,Storage,0,--,,,,,,815,0,,,,,,,,,,,,,,,,
Bonny,Do Not Include,,Storage,0,3644,,,"GP Hydromet - BONC (has storage). Was drained in 2010, so doesn't have current data",Add Storage Data to RISE? Don't include in Dashboard,,36508,165328,,,,,,,,Total,,,36508,,,,,
Box Butte,Include (Omit % Avg),RISE,Storage,RISE,268,https://api.wwdh.internetofwater.app/collections/rise-edr/locations/268?limit=50000&datetime=1990-10-01/2020-10-01&f=json,USBR Enterprise Asset Registry,GP Hydromet - BBNE,,29161,26769,28973,Box Butte,Box Butte Reservoir (Box Butte Dam),,,,,,Total,3,,29161,,https://api.wwdh.internetofwater.app/collections/rise-edr/locations/268?parameter-name=3&limit=50000&datetime=1990-10-01/2020-10-01&f=json,https://data.usbr.gov/rise/api/result?locationId%5B%5D=268&parameterId%5B%5D=3&dateTime%5Bafter%5D=1990-09-30&dateTime%5Bbefore%5D=2020-10-01&itemsPerPage=15000,Reclamation,
Boysen,Include,RISE,Storage,RISE,281,https://api.wwdh.internetofwater.app/collections/rise-edr/locations/281?limit=50000&datetime=1990-10-01/2020-10-01&f=json,USBR Enterprise Asset Registry,,,892226,673045,852142,Boysen,Boysen Reservoir (Boysen Dam),,,,,,Total,3,,741594,,https://api.wwdh.internetofwater.app/collections/rise-edr/locations/281?parameter-name=3&limit=50000&datetime=1990-10-01/2020-10-01&f=json,https://data.usbr.gov/rise/api/result?locationId%5B%5D=281&parameterId%5B%5D=3&dateTime%5Bafter%5D=1990-09-30&dateTime%5Bbefore%5D=2020-10-01&itemsPerPage=15000,Reclamation,
Brantley,Include,RISE,Storage,RISE,282,https://api.wwdh.internetofwater.app/collections/rise-edr/locations/282?limit=50000&datetime=1990-10-01/2020-10-01&f=json,USBR Enterprise Asset Registry,,,384035,382020,383996,Brantley,Brantley Reservoir (Brantley Dam),,,,,,Total,3,,41986,,https://api.wwdh.internetofwater.app/collections/rise-edr/locations/282?parameter-name=3&limit=50000&datetime=1990-10-01/2020-10-01&f=json,https://data.usbr.gov/rise/api/result?locationId%5B%5D=282&parameterId%5B%5D=3&dateTime%5Bafter%5D=1990-09-30&dateTime%5Bbefore%5D=2020-10-01&itemsPerPage=15000,Reclamation,
Brekken,Do Not Include,,Storage,0,--,,,,,,,0,,,,,,,,,,,,,,,,
Bretch Diversion,Do Not Include,,Storage,0,--,,,,,,,0,,,,,,,,,,,,,,,,
Broadhead Diversion,Do Not Include,,Storage,0,--,,,,,,,0,,,,,,,,,,,,,,,,
Brown Foundation Incorporated,Do Not Include,,Storage,0,--,,,,,,,0,,,,,,,,,,,,,,,,
Buckhorn,Do Not Include,,Storage,0,--,,,,,,1090,1090,,,,,,,,,,,,,,,,
Buffalo Bill,Include,RISE,Storage,RISE,269,https://api.wwdh.internetofwater.app/collections/rise-edr/locations/269?limit=50000&datetime=1990-10-01/2020-10-01&f=json,USBR Enterprise Asset Registry,,,646565,604817,0,Buffalo Bill,Buffalo Bill Reservoir (Buffalo Bill Dam),,,,,,Total,3,,646565,,https://api.wwdh.internetofwater.app/collections/rise-edr/locations/269?parameter-name=3&limit=50000&datetime=1990-10-01/2020-10-01&f=json,https://data.usbr.gov/rise/api/result?locationId%5B%5D=269&parameterId%5B%5D=3&dateTime%5Bafter%5D=1990-09-30&dateTime%5Bbefore%5D=2020-10-01&itemsPerPage=15000,Reclamation,
Bull,Include,RISE,Storage,RISE,278,https://api.wwdh.internetofwater.app/collections/rise-edr/locations/278?limit=50000&datetime=1990-10-01/2020-10-01&f=json,USBR Enterprise Asset Registry,,,152459,151737,151737,Bull Lake,Bull Lake (Bull Lake Dam),,,,,,Total,3,,152459,,https://api.wwdh.internetofwater.app/collections/rise-edr/locations/278?parameter-name=3&limit=50000&datetime=1990-10-01/2020-10-01&f=json,https://data.usbr.gov/rise/api/result?locationId%5B%5D=278&parameterId%5B%5D=3&dateTime%5Bafter%5D=1990-09-30&dateTime%5Bbefore%5D=2020-10-01&itemsPerPage=15000,Reclamation,
Bully Creek,Include (Omit % Avg if needed),RISE,Storage,RISE,3646,https://api.wwdh.internetofwater.app/collections/rise-edr/locations/3646?limit=50000&datetime=1990-10-01/2020-10-01&f=json,USBR Enterprise Asset Registry,,,31600,30000,29950,Bully Creek,Bully Creek Reservoir (Bully Creek Dam),,,,,,Active,3,,30000,,https://api.wwdh.internetofwater.app/collections/rise-edr/locations/3646?parameter-name=3&limit=50000&datetime=1990-10-01/2020-10-01&f=json,https://data.usbr.gov/rise/api/result?locationId%5B%5D=3646&parameterId%5B%5D=3&dateTime%5Bafter%5D=1990-09-30&dateTime%5Bbefore%5D=2020-10-01&itemsPerPage=15000,Reclamation,
Bully Creek Diversion,Do Not Include,,Storage,0,--,,,,,,,0,,,,,,,,,,,,,,,,
Bumping,Include (Omit % Avg if needed),RISE,Storage,RISE,3647,https://api.wwdh.internetofwater.app/collections/rise-edr/locations/3647?limit=50000&datetime=1990-10-01/2020-10-01&f=json,USBR Enterprise Asset Registry,,,35400,35400,35400,Bumping Lake,Bumping Lake (Bumping Lake Dam),,,,,,Active,3,,35400,,https://api.wwdh.internetofwater.app/collections/rise-edr/locations/3647?parameter-name=3&limit=50000&datetime=1990-10-01/2020-10-01&f=json,https://data.usbr.gov/rise/api/result?locationId%5B%5D=3647&parameterId%5B%5D=3&dateTime%5Bafter%5D=1990-09-30&dateTime%5Bbefore%5D=2020-10-01&itemsPerPage=15000,Reclamation,
C.C. Cragin,Do Not Include,,Storage,0,--,,,,,,12500,0,,,,,,,,,,,,,,,,
Caballo,Include,RISE,Storage,RISE,286,https://api.wwdh.internetofwater.app/collections/rise-edr/locations/286?limit=50000&datetime=1990-10-01/2020-10-01&f=json,USBR Enterprise Asset Registry,,,324509,324509,324509,Caballo,Caballo Reservoir (Caballo Dam),,,,,,Total,3,,224464,,https://api.wwdh.internetofwater.app/collections/rise-edr/locations/286?parameter-name=3&limit=50000&datetime=1990-10-01/2020-10-01&f=json,https://data.usbr.gov/rise/api/result?locationId%5B%5D=286&parameterId%5B%5D=3&dateTime%5Bafter%5D=1990-09-30&dateTime%5Bbefore%5D=2020-10-01&itemsPerPage=15000,Reclamation,
Cachuma,Include,RISE,Storage,RISE,292,https://api.wwdh.internetofwater.app/collections/rise-edr/locations/292?limit=50000&datetime=1990-10-01/2020-10-01&f=json,USBR Enterprise Asset Registry,,,193305,171193,193208,Cachuma (Bradbury Dam),Lake Cachuma (Bradbury Dam),,,,,,Total,3,,192978,,https://api.wwdh.internetofwater.app/collections/rise-edr/locations/292?parameter-name=3&limit=50000&datetime=1990-10-01/2020-10-01&f=json,https://data.usbr.gov/rise/api/result?locationId%5B%5D=292&parameterId%5B%5D=3&dateTime%5Bafter%5D=1990-09-30&dateTime%5Bbefore%5D=2020-10-01&itemsPerPage=15000,Reclamation,
Cahuilla,Do Not Include,,Storage,0,--,,,,,,,0,,,,,,,,,,,,,,,,
Calamus,Include (Omit % Avg),RISE,Storage,RISE,287,https://api.wwdh.internetofwater.app/collections/rise-edr/locations/287?limit=50000&datetime=1990-10-01/2020-10-01&f=json,USBR Enterprise Asset Registry,GP Hydromet - CANE,,119469,99319,119434,Calamus (Virginia Smith Dam),Calamus Reservoir (Virginia Smith Dam),,,,,,Total,3,,119469,,https://api.wwdh.internetofwater.app/collections/rise-edr/locations/287?parameter-name=3&limit=50000&datetime=1990-10-01/2020-10-01&f=json,https://data.usbr.gov/rise/api/result?locationId%5B%5D=287&parameterId%5B%5D=3&dateTime%5Bafter%5D=1990-09-30&dateTime%5Bbefore%5D=2020-10-01&itemsPerPage=15000,Reclamation,
Cambridge Diversion,Do Not Include,,Storage,0,--,,,"GP Hydromet - CDNE (canal gage, no storage, gage height only)",,,,0,,,,,,,,,,,,,,,,
Cameahwait,Do Not Include,,Storage,0,--,,,,,,,0,,,,,,,,,,,,,,,,
Canyon,Do Not Include,,Storage,0,--,,,,,,,0,,,,,,,,,,,,,,,,
Canyon Ferry,Include,RISE,Storage,RISE,295,https://api.wwdh.internetofwater.app/collections/rise-edr/locations/295?limit=50000&datetime=1990-10-01/2020-10-01&f=json,USBR Enterprise Asset Registry,,,1993036,1604395,1991937,Canyon Ferry,Canyon Ferry Lake (Canyon Ferry Dam),,,,,,Total,3,,1886950,,https://api.wwdh.internetofwater.app/collections/rise-edr/locations/295?parameter-name=3&limit=50000&datetime=1990-10-01/2020-10-01&f=json,https://data.usbr.gov/rise/api/result?locationId%5B%5D=295&parameterId%5B%5D=3&dateTime%5Bafter%5D=1990-09-30&dateTime%5Bbefore%5D=2020-10-01&itemsPerPage=15000,Reclamation,
Carpenteria,Do Not Include,,Storage,0,--,,,,,,40,0,,,,,,,,,,,,,,,,
Carson River Diversion,Do Not Include,,Storage,0,--,,,,,,,0,,,,,,,,,,,,,,,,
Carter Creek Diversion,Do Not Include,,Storage,0,--,,,,,,,0,,,,,,,,,,,,,,,,
Carter Lake,Include,RISE,Storage,RISE,288,https://api.wwdh.internetofwater.app/collections/rise-edr/locations/288?limit=50000&datetime=1990-10-01/2020-10-01&f=json,USBR Enterprise Asset Registry,,,112230,101022,108924,Carter Lake,Carter Lake Reservoir (Carter Lake Dams),,,,,,Total,3,,112230,,https://api.wwdh.internetofwater.app/collections/rise-edr/locations/288?parameter-name=3&limit=50000&datetime=1990-10-01/2020-10-01&f=json,https://data.usbr.gov/rise/api/result?locationId%5B%5D=288&parameterId%5B%5D=3&dateTime%5Bafter%5D=1990-09-30&dateTime%5Bbefore%5D=2020-10-01&itemsPerPage=15000,Reclamation,
Cascade,Include (Omit % Avg if needed),RISE,Storage,RISE,3645,https://api.wwdh.internetofwater.app/collections/rise-edr/locations/3645?limit=50000&datetime=1990-10-01/2020-10-01&f=json,USBR Enterprise Asset Registry,,,693000,646500,693000,Cascade,Lake Cascade (Cascade Dam),,,,,,Active,3,,646500,,https://api.wwdh.internetofwater.app/collections/rise-edr/locations/3645?parameter-name=3&limit=50000&datetime=1990-10-01/2020-10-01&f=json,https://data.usbr.gov/rise/api/result?locationId%5B%5D=3645&parameterId%5B%5D=3&dateTime%5Bafter%5D=1990-09-30&dateTime%5Bbefore%5D=2020-10-01&itemsPerPage=15000,Reclamation,
Cascade Creek Diversion,Do Not Include,,Storage,0,--,,,,,,,0,,,,,,,,,,,,,,,,
Casitas,Do Not Include,,Storage,0,--,,,,,,250835,250835,,,,,,,,,,,,,,,,
Causey,Include,RISE,Storage,RISE,289,https://api.wwdh.internetofwater.app/collections/rise-edr/locations/289?limit=50000&datetime=1990-10-01/2020-10-01&f=json,USBR Enterprise Asset Registry,,,7870,6870,7070,Causey,Causey Reservoir (Causey Dam),,,,,,Live,3,,7070,,https://api.wwdh.internetofwater.app/collections/rise-edr/locations/289?parameter-name=3&limit=50000&datetime=1990-10-01/2020-10-01&f=json,https://data.usbr.gov/rise/api/result?locationId%5B%5D=289&parameterId%5B%5D=3&dateTime%5Bafter%5D=1990-09-30&dateTime%5Bbefore%5D=2020-10-01&itemsPerPage=15000,Reclamation,
Cawker City Dike,Do Not Include,,Storage,0,293,,,"GP Hydromet - CCKS (no storage, forebay elevation only)",,,,,,,,,,,,,,,,,,,,
Cedar Bluff,Include,USGS Cedar Bluff Res NR Ellis KS - USGS-06861500,Storage,USGS,06861500,https://api.waterdata.usgs.gov/ogcapi/v0/collections/daily/items?f=json&monitoring_location_id=USGS-06861500&parameter_code=00054&time=1990-10-01/2020-09-30&limit=50000,,USGS Monitoring Location USGS-06861500 https://waterdata.usgs.gov/monitoring-location/USGS-06861500,,364342,335768,359940,Cedar Bluff,Cedar Bluff Reservoir (Cedar Bluff Dam),,,,,,Total,,,172452,,,https://api.waterdata.usgs.gov/ogcapi/v0/collections/daily/items?f=json&monitoring_location_id=USGS-06861500&parameter_code=00054&time=1990-10-01/2020-09-30&limit=50000,Reclamation,
Chance,Do Not Include,,Storage,0,--,,,,,,,0,,,,,,,,,,,,,,,,
Chapman Diversion,Do Not Include,,Storage,0,--,,,,,,,0,,,,,,,,,,,,,,,,
Cheney,Include if possible,RISE (Pending),Storage,RISE (Pending),7083,https://api.wwdh.internetofwater.app/collections/rise-edr/locations/7083?limit=50000&datetime=1990-10-01/2020-10-01&f=json,USBR Enterprise Asset Registry,GP Hydromet - CHENEY (has storage),Add Storage Data to RISE,262736,250466,262736,Cheney,Cheney Reservoir (Cheney Dam),-97.802,37.723,,,,Total,3,,176027,,https://api.wwdh.internetofwater.app/collections/rise-edr/locations/7083?parameter-name=3&limit=50000&datetime=1990-10-01/2020-10-01&f=json,https://data.usbr.gov/rise/api/result?locationId%5B%5D=7083&parameterId%5B%5D=3&dateTime%5Bafter%5D=1990-09-30&dateTime%5Bbefore%5D=2020-10-01&itemsPerPage=15000,Reclamation,
Cherry,Do Not Include,,Storage,0,--,,,,,,,0,,,,,,,,,,,,,,,,
Cherry Creek,Do Not Include,,Storage,0,3679,,,,,,,,,,,,,,,,,,,,,,,
Choke Canyon,Include,RISE,Storage,RISE,291,https://api.wwdh.internetofwater.app/collections/rise-edr/locations/291?limit=50000&datetime=1990-10-01/2020-10-01&f=json,USBR Enterprise Asset Registry,,,695271,694500,695262,Choke Canyon,Choke Canyon Reservoir (Choke Canyon Dam),,,,,,Total,3,,666541,,https://api.wwdh.internetofwater.app/collections/rise-edr/locations/291?parameter-name=3&limit=50000&datetime=1990-10-01/2020-10-01&f=json,https://data.usbr.gov/rise/api/result?locationId%5B%5D=291&parameterId%5B%5D=3&dateTime%5Bafter%5D=1990-09-30&dateTime%5Bbefore%5D=2020-10-01&itemsPerPage=15000,Reclamation,
Clark Canyon,Include,RISE,Storage,RISE,294,https://api.wwdh.internetofwater.app/collections/rise-edr/locations/294?limit=50000&datetime=1990-10-01/2020-10-01&f=json,USBR Enterprise Asset Registry,,,251436,250321,251433,Clark Canyon,Clark Canyon Reservoir (Clark Canyon Dam),,,,,,Total,3,,174300,,https://api.wwdh.internetofwater.app/collections/rise-edr/locations/294?parameter-name=3&limit=50000&datetime=1990-10-01/2020-10-01&f=json,https://data.usbr.gov/rise/api/result?locationId%5B%5D=294&parameterId%5B%5D=3&dateTime%5Bafter%5D=1990-09-30&dateTime%5Bbefore%5D=2020-10-01&itemsPerPage=15000,Reclamation,
Cle Elum,Include (Omit % Avg if needed),RISE,Storage,RISE,7170,https://api.wwdh.internetofwater.app/collections/rise-edr/locations/7170?limit=50000&datetime=1990-10-01/2020-10-01&f=json,USBR Enterprise Asset Registry,,,705500,432500,432500,Cle Elum,Cle Elum Lake (Cle Elum Dam),,,,,,Active,3,,432500,,https://api.wwdh.internetofwater.app/collections/rise-edr/locations/7170?parameter-name=3&limit=50000&datetime=1990-10-01/2020-10-01&f=json,https://data.usbr.gov/rise/api/result?locationId%5B%5D=7170&parameterId%5B%5D=3&dateTime%5Bafter%5D=1990-09-30&dateTime%5Bbefore%5D=2020-10-01&itemsPerPage=15000,Reclamation,
Clear Lake,Include if possible,RISE (Pending),Storage,RISE (Pending),7311,https://api.wwdh.internetofwater.app/collections/rise-edr/locations/3702?limit=50000&datetime=1990-10-01/2020-10-01&f=json,USBR Enterprise Asset Registry,"storage: Hydromet data https://www.usbr.gov/pn/hydromet/klamath/kinstant_graph.html?cbtt=CLK&pcode=AF, instant only",Add Storage Data to RISE,507252,463313,503894,Clear Lake,Clear Lake Reservoir (Clear Lake Dam),,,,,,Total,3,,507252,,https://api.wwdh.internetofwater.app/collections/rise-edr/locations/3702?parameter-name=3&limit=50000&datetime=1990-10-01/2020-10-01&f=json,https://data.usbr.gov/rise/api/result?locationId%5B%5D=3702&parameterId%5B%5D=3&dateTime%5Bafter%5D=1990-09-30&dateTime%5Bbefore%5D=2020-10-01&itemsPerPage=15000,Reclamation,
Clear Lake (OR),Include (Omit % Avg if needed),RISE,Storage,RISE,7200,https://api.wwdh.internetofwater.app/collections/rise-edr/locations/7200?limit=50000&datetime=1990-10-01/2020-10-01&f=json,USBR Enterprise Asset Registry,,,13066,13066,13066,Clear Lake (Wasco Dam),Clear Lake (OR) (Wasco Dam),,,,,,Active,3,,13066,,https://api.wwdh.internetofwater.app/collections/rise-edr/locations/7200?parameter-name=3&limit=50000&datetime=1990-10-01/2020-10-01&f=json,https://data.usbr.gov/rise/api/result?locationId%5B%5D=7200&parameterId%5B%5D=3&dateTime%5Bafter%5D=1990-09-30&dateTime%5Bbefore%5D=2020-10-01&itemsPerPage=15000,Reclamation,
Clear Lake (WA),Do Not Include,,Storage,0,--,,,"No storage data collected, elevation only",,,5300,5300,,,,,,,,,,,,,,,,
Clementine,Do Not Include,,Storage,0,3239,,,,,,,,,,,,,,,,,,,,,,,
Coal Creek Montrose and Delta Diversion,Do Not Include,,Storage,0,--,,,,,,,0,,,,,,,,,,,,,,,,
Coal Mine,Do Not Include,,Storage,0,--,,,,,,,0,,,,,,,,,,,,,,,,
Cochiti,Include if possible,USACE https://water.usace.army.mil/overview/spa/locations/cochiti,Storage,USACE,spa/Cochiti.Stor.Inst.15Minutes.0.DCP-rev,https://water.usace.army.mil/cda/reporting/providers/spa/timeseries?name=Cochiti.Stor.Inst.15Minutes.0.DCP-rev&begin=1990-10-01T00:00:00.000Z&end=2020-10-01T00:00:00.000Z&format=csv,USACE https://w3.spa.usace.army.mil/wc/PertinentData/ Top of Dam Volume in Acre-Feet,"Daily data available in HDB and capacity data available here: https://w3.spa.usace.army.mil/wc/PertinentData/, https://water.usace.army.mil/overview/spa/locations/cochiti",Use USACE data,"766,819",,,Cochiti,Cochiti Lake (Cochiti Dam),,,,,,Total,,,,,https://api.wwdh.internetofwater.app/collections/usace-edr/locations/257043?parameter-name=Conservation%20Storage&datetime=1990-10-01/2020-10-01&f=json,https://water.usace.army.mil/cda/reporting/providers/spa/timeseries?name=Cochiti.Stor.Inst.15Minutes.0.DCP-rev&begin=1990-10-01T00:00:00.000Z&end=2020-10-01T00:00:00.000Z&format=csv,USACE,
Cold Springs,Include (Omit % Avg if needed),RISE,Storage,RISE,7171,https://api.wwdh.internetofwater.app/collections/rise-edr/locations/7171?limit=50000&datetime=1990-10-01/2020-10-01&f=json,USBR Enterprise Asset Registry,,,39260,38646,38970,Cold Springs,Cold Springs Reservoir (Cold Springs Dam),,,,,,Active,3,,38646,,https://api.wwdh.internetofwater.app/collections/rise-edr/locations/7171?parameter-name=3&limit=50000&datetime=1990-10-01/2020-10-01&f=json,https://data.usbr.gov/rise/api/result?locationId%5B%5D=7171&parameterId%5B%5D=3&dateTime%5Bafter%5D=1990-09-30&dateTime%5Bbefore%5D=2020-10-01&itemsPerPage=15000,Reclamation,
Coleman Diversion,Do Not Include,,Storage,0,--,,,,,,,0,,,,,,,,,,,,,,,,
Como,Include (Omit % Avg if needed),RISE,Storage,RISE,3653,https://api.wwdh.internetofwater.app/collections/rise-edr/locations/3653?limit=50000&datetime=1990-10-01/2020-10-01&f=json,USBR Enterprise Asset Registry,,,45326,38495,39032,Como,Lake Como (Como Dam),,,,,,Active,3,,38495,,https://api.wwdh.internetofwater.app/collections/rise-edr/locations/3653?parameter-name=3&limit=50000&datetime=1990-10-01/2020-10-01&f=json,https://data.usbr.gov/rise/api/result?locationId%5B%5D=3653&parameterId%5B%5D=3&dateTime%5Bafter%5D=1990-09-30&dateTime%5Bbefore%5D=2020-10-01&itemsPerPage=15000,Reclamation,
Conconully Lake,Include (Omit % Avg if needed),RISE,Storage,RISE,7169,https://api.wwdh.internetofwater.app/collections/rise-edr/locations/7169?limit=50000&datetime=1990-10-01/2020-10-01&f=json,USBR Enterprise Asset Registry,,,15700,10500,10500,Conconully Reservoir (Salmon Lake Dam),Conconully Lake (Salmon Lake Dam),,,,,,Active,3,,10500,,https://api.wwdh.internetofwater.app/collections/rise-edr/locations/7169?parameter-name=3&limit=50000&datetime=1990-10-01/2020-10-01&f=json,https://data.usbr.gov/rise/api/result?locationId%5B%5D=7169&parameterId%5B%5D=3&dateTime%5Bafter%5D=1990-09-30&dateTime%5Bbefore%5D=2020-10-01&itemsPerPage=15000,Reclamation,
Conconully Reservoir,Include if possible,RISE (Pending),Storage,RISE (Pending),7325,,USBR Enterprise Asset Registry,Storage: https://www.usbr.gov/pn-bin/daily.pl?station=ccr&format=html&year=2025&month=12&day=29&year=2026&month=1&day=27&pcode=af,Add Storage Data to RISE,13000,13000,13000,Conconully (Conconully Dam),Conconully Reservoir (Conconully Dam),-119.7523,48.5381,,,,Active,3,,13000,,,,Reclamation,
Conde Creek Diversion,Do Not Include,,Storage,0,--,,,,,,,0,,,,,,,,,,,,,,,,
Contra Loma,Do Not Include,,Storage,0,--,,,,,,1778,2074,,,,,,,,,,,,,,,,
Corbett Diversion Dam,Do Not Include,,Storage,0,--,,,,,,,0,,,,,,,,,,,,,,,,
Crane Prairie,Include (Omit % Avg if needed),RISE,Storage,RISE,7172,https://api.wwdh.internetofwater.app/collections/rise-edr/locations/7172?limit=50000&datetime=1990-10-01/2020-10-01&f=json,USBR Enterprise Asset Registry,,,59724,55300,59724,Crane Prairie,Crane Prairie Reservoir (Crane Prairie Dam),,,,,,Active,3,,55300,,https://api.wwdh.internetofwater.app/collections/rise-edr/locations/7172?parameter-name=3&limit=50000&datetime=1990-10-01/2020-10-01&f=json,https://data.usbr.gov/rise/api/result?locationId%5B%5D=7172&parameterId%5B%5D=3&dateTime%5Bafter%5D=1990-09-30&dateTime%5Bbefore%5D=2020-10-01&itemsPerPage=15000,Reclamation,
Crawford,Include,RISE,Storage,RISE,3683,https://api.wwdh.internetofwater.app/collections/rise-edr/locations/3683?limit=50000&datetime=1990-10-01/2020-10-01&f=json,USBR Enterprise Asset Registry,,,14395,14064,14126,Crawford,Crawford Reservoir (Crawford Dam),,,,,,Total,3,,14395,,https://api.wwdh.internetofwater.app/collections/rise-edr/locations/3683?parameter-name=3&limit=50000&datetime=1990-10-01/2020-10-01&f=json,https://data.usbr.gov/rise/api/result?locationId%5B%5D=3683&parameterId%5B%5D=3&dateTime%5Bafter%5D=1990-09-30&dateTime%5Bbefore%5D=2020-10-01&itemsPerPage=15000,Reclamation,
Crescent,Include if possible,RISE,Storage,RISE,7173,https://api.wwdh.internetofwater.app/collections/rise-edr/locations/7173?limit=50000&datetime=1990-10-01/2020-10-01&f=json,TBD,"Active Storage of 86900, Storage data will be in RISE",Get capacity,--,,,Crescent Lake,Crescent Lake (Crescent Lake Dam),,,,,,Total,3,,,,https://api.wwdh.internetofwater.app/collections/rise-edr/locations/7173?parameter-name=3&limit=50000&datetime=1990-10-01/2020-10-01&f=json,https://data.usbr.gov/rise/api/result?locationId%5B%5D=7173&parameterId%5B%5D=3&dateTime%5Bafter%5D=1990-09-30&dateTime%5Bbefore%5D=2020-10-01&itemsPerPage=15000,Unknown,
Crystal,Include,RISE,Storage,RISE,1534,https://api.wwdh.internetofwater.app/collections/rise-edr/locations/1534?limit=50000&datetime=1990-10-01/2020-10-01&f=json,USBR Enterprise Asset Registry,,,25273,12928,17573,Crystal,Crystal Reservoir (Crystal Dam),,,,,,Live,3,,17536,,https://api.wwdh.internetofwater.app/collections/rise-edr/locations/1534?parameter-name=3&limit=50000&datetime=1990-10-01/2020-10-01&f=json,https://data.usbr.gov/rise/api/result?locationId%5B%5D=1534&parameterId%5B%5D=3&dateTime%5Bafter%5D=1990-09-30&dateTime%5Bbefore%5D=2020-10-01&itemsPerPage=15000,Reclamation,
Culbertson Diversion,Do Not Include,,Storage,0,--,,,"GP Hydromet - CUNE (canal gage, no storage, gage height only)",,,,0,,,,,,,,,,,,,,,,
Currant Creek,Include,RISE,Storage,RISE,310,https://api.wwdh.internetofwater.app/collections/rise-edr/locations/310?limit=50000&datetime=1990-10-01/2020-10-01&f=json,USBR Enterprise Asset Registry,,,15671,1118,15464,Currant Creek,Currant Creek Reservoir (Currant Creek Dam),,,,,,Live,3,,15464,,https://api.wwdh.internetofwater.app/collections/rise-edr/locations/310?parameter-name=3&limit=50000&datetime=1990-10-01/2020-10-01&f=json,https://data.usbr.gov/rise/api/result?locationId%5B%5D=310&parameterId%5B%5D=3&dateTime%5Bafter%5D=1990-09-30&dateTime%5Bbefore%5D=2020-10-01&itemsPerPage=15000,Reclamation,
Daley Creek Diversion,Do Not Include,,Storage,0,--,,,,,,,0,,,,,,,,,,,,,,,,
Davis Creek,Include (Omit % Avg),RISE,Storage,RISE,311,https://api.wwdh.internetofwater.app/collections/rise-edr/locations/311?limit=50000&datetime=1990-10-01/2020-10-01&f=json,USBR Enterprise Asset Registry,GP Hydromet - DANE,,31158,30986,31082,Davis Creek,Davis Creek Reservoir (Davis Creek Dam),,,,,,Total,3,,31158,,https://api.wwdh.internetofwater.app/collections/rise-edr/locations/311?parameter-name=3&limit=50000&datetime=1990-10-01/2020-10-01&f=json,https://data.usbr.gov/rise/api/result?locationId%5B%5D=311&parameterId%5B%5D=3&dateTime%5Bafter%5D=1990-09-30&dateTime%5Bbefore%5D=2020-10-01&itemsPerPage=15000,Reclamation,
Dead Indian Creek Diversion,Do Not Include,,Storage,0,--,,,,,,,0,,,,,,,,,,,,,,,,
Deadwood,Include (Omit % Avg if needed),RISE,Storage,RISE,3649,https://api.wwdh.internetofwater.app/collections/rise-edr/locations/3649?limit=50000&datetime=1990-10-01/2020-10-01&f=json,USBR Enterprise Asset Registry,,,162000,153992,162000,Deadwood,Deadwood Reservoir (Deadwood Dam),,,,,,Active,3,,153992,,https://api.wwdh.internetofwater.app/collections/rise-edr/locations/3649?parameter-name=3&limit=50000&datetime=1990-10-01/2020-10-01&f=json,https://data.usbr.gov/rise/api/result?locationId%5B%5D=3649&parameterId%5B%5D=3&dateTime%5Bafter%5D=1990-09-30&dateTime%5Bbefore%5D=2020-10-01&itemsPerPage=15000,Reclamation,
Deaver,Do Not Include,,Storage,0,--,,,,,,598,598,,,,,,,,,,,,,,,,
Deer Creek,Include,RISE,Storage,RISE,314,https://api.wwdh.internetofwater.app/collections/rise-edr/locations/314?limit=50000&datetime=1990-10-01/2020-10-01&f=json,USBR Enterprise Asset Registry,,,153445,150161,150161,Deer Creek,Deer Creek Reservoir (Deer Creek Dam),,,,,,Live,3,,150161,,https://api.wwdh.internetofwater.app/collections/rise-edr/locations/314?parameter-name=3&limit=50000&datetime=1990-10-01/2020-10-01&f=json,https://data.usbr.gov/rise/api/result?locationId%5B%5D=314&parameterId%5B%5D=3&dateTime%5Bafter%5D=1990-09-30&dateTime%5Bbefore%5D=2020-10-01&itemsPerPage=15000,Reclamation,
Deerfield,Include,RISE,Storage,RISE,315,https://api.wwdh.internetofwater.app/collections/rise-edr/locations/315?limit=50000&datetime=1990-10-01/2020-10-01&f=json,USBR Enterprise Asset Registry,,,15654,15503,15503,Deerfield,Deerfield Lake (Deerfield Dam),,,,,,Total,3,,15654,,https://api.wwdh.internetofwater.app/collections/rise-edr/locations/315?parameter-name=3&limit=50000&datetime=1990-10-01/2020-10-01&f=json,https://data.usbr.gov/rise/api/result?locationId%5B%5D=315&parameterId%5B%5D=3&dateTime%5Bafter%5D=1990-09-30&dateTime%5Bbefore%5D=2020-10-01&itemsPerPage=15000,Reclamation,
Derby Diversion,Do Not Include,,Storage,0,--,,,,,,,0,,,,,,,,,,,,,,,,
Dille Diversion,Do Not Include,,Storage,0,--,,,,,,,0,,,,,,,,,,,,,,,,
Diversion,Do Not Include,,Storage,0,483,,,,,,468,0,,,,,,,,,,,,,,,,
Diversion Canal Headworks,Do Not Include,,Storage,0,--,,,,,,,0,,,,,,,,,,,,,,,,
Dodson Diversion,Do Not Include,,Storage,0,--,,,,,,,0,,,,,,,,,,,,,,,,
Dry Creek Diversion Dam,Do Not Include,,Storage,0,--,,,,,,,0,,,,,,,,,,,,,,,,
Dry Spotted Tail Diversion,Do Not Include,,Storage,0,--,,,,,,,0,,,,,,,,,,,,,,,,
Duchesne Diversion,Do Not Include,,Storage,0,--,,,,,,,0,,,,,,,,,,,,,,,,
Dunlap Diversion,Do Not Include,,Storage,0,--,,,"GP Hydromet - DUNE (canal gage, no storage, gage height only)",,,,0,,,,,,,,,,,,,,,,
East Canal Diversion,Do Not Include,,Storage,0,--,,,,,,,0,,,,,,,,,,,,,,,,
East Canyon,Include,RISE,Storage,RISE,319,https://api.wwdh.internetofwater.app/collections/rise-edr/locations/319?limit=50000&datetime=1990-10-01/2020-10-01&f=json,USBR Enterprise Asset Registry,,,51200,48110,49510,East Canyon,East Canyon Reservoir (East Canyon Dam),,,,,,Live,3,,49510,,https://api.wwdh.internetofwater.app/collections/rise-edr/locations/319?parameter-name=3&limit=50000&datetime=1990-10-01/2020-10-01&f=json,https://data.usbr.gov/rise/api/result?locationId%5B%5D=319&parameterId%5B%5D=3&dateTime%5Bafter%5D=1990-09-30&dateTime%5Bbefore%5D=2020-10-01&itemsPerPage=15000,Reclamation,
East Fork Diversion,Do Not Include,,Storage,0,--,,,,,,,0,,,,,,,,,,,,,,,,
East Park Lake,Do Not Include,,Storage,0,--,,,,,,,0,,,,,,,,,,,,,,,,
East Park Reservoir,Do Not Include,,Storage,0,--,,,,,,50600,50620,,,,,,,,,,,,,,,,
East Portal,Do Not Include,,Storage,0,--,,,,,,16,16,,,,,,,,,,,,,,,,
Easton,Do Not Include,,Storage,0,--,,,,,,,0,,,,,,,,,,,,,,,,
Echo,Include,RISE,Storage,RISE,320,https://api.wwdh.internetofwater.app/collections/rise-edr/locations/320?limit=50000&datetime=1990-10-01/2020-10-01&f=json,USBR Enterprise Asset Registry,,,73940,73940,73940,Echo,Echo Reservoir (Echo Dam),,,,,,Live,3,,73940,,https://api.wwdh.internetofwater.app/collections/rise-edr/locations/320?parameter-name=3&limit=50000&datetime=1990-10-01/2020-10-01&f=json,https://data.usbr.gov/rise/api/result?locationId%5B%5D=320&parameterId%5B%5D=3&dateTime%5Bafter%5D=1990-09-30&dateTime%5Bbefore%5D=2020-10-01&itemsPerPage=15000,Reclamation,
Eden,Include,RISE,Storage,RISE,321,https://api.wwdh.internetofwater.app/collections/rise-edr/locations/321?limit=50000&datetime=1990-10-01/2020-10-01&f=json,USBR Enterprise Asset Registry,,,14421,13164,13164,Eden (Eden Dikes),Eden Reservoir (Eden Dikes),,,,,,Live,3,,13164,,https://api.wwdh.internetofwater.app/collections/rise-edr/locations/321?parameter-name=3&limit=50000&datetime=1990-10-01/2020-10-01&f=json,https://data.usbr.gov/rise/api/result?locationId%5B%5D=321&parameterId%5B%5D=3&dateTime%5Bafter%5D=1990-09-30&dateTime%5Bbefore%5D=2020-10-01&itemsPerPage=15000,Reclamation,
Edward Arthur Patterson,Include,RISE,Storage,RISE,318,https://api.wwdh.internetofwater.app/collections/rise-edr/locations/318?limit=50000&datetime=1990-10-01/2020-10-01&f=json,USBR Enterprise Asset Registry,,,8479,8041,8130,Edward Arthur Patterson (Dickinson Dam),Edward Arthur Patterson Lake (Dickinson Dam),,,,,,Active,3,Yes,8041,,https://api.wwdh.internetofwater.app/collections/rise-edr/locations/318?parameter-name=3&limit=50000&datetime=1990-10-01/2020-10-01&f=json,https://data.usbr.gov/rise/api/result?locationId%5B%5D=318&parameterId%5B%5D=3&dateTime%5Bafter%5D=1990-09-30&dateTime%5Bbefore%5D=2020-10-01&itemsPerPage=15000,Reclamation,
El Vado,Include,RISE,Storage,RISE,324,https://api.wwdh.internetofwater.app/collections/rise-edr/locations/324?limit=50000&datetime=1990-10-01/2020-10-01&f=json,USBR Enterprise Asset Registry,,,214091,191050,213834,El Vado,El Vado Reservoir (El Vado Dam),,,,,,Total,3,,25678,"Capacity currently restricted to 25,678 AF.",https://api.wwdh.internetofwater.app/collections/rise-edr/locations/324?parameter-name=3&limit=50000&datetime=1990-10-01/2020-10-01&f=json,https://data.usbr.gov/rise/api/result?locationId%5B%5D=324&parameterId%5B%5D=3&dateTime%5Bafter%5D=1990-09-30&dateTime%5Bbefore%5D=2020-10-01&itemsPerPage=15000,Reclamation,
Elephant Butte,Include,RISE,Storage,RISE,323,https://api.wwdh.internetofwater.app/collections/rise-edr/locations/323?limit=50000&datetime=1990-10-01/2020-10-01&f=json,USBR Enterprise Asset Registry,,,2357104,2010900,2357104,Elephant Butte,Elephant Butte Reservoir (Elephant Butte Dam),,,,,,Total,3,,2010900,,https://api.wwdh.internetofwater.app/collections/rise-edr/locations/323?parameter-name=3&limit=50000&datetime=1990-10-01/2020-10-01&f=json,https://data.usbr.gov/rise/api/result?locationId%5B%5D=323&parameterId%5B%5D=3&dateTime%5Bafter%5D=1990-09-30&dateTime%5Bbefore%5D=2020-10-01&itemsPerPage=15000,Reclamation,
Elwell,Include,RISE,Storage,RISE,396,https://api.wwdh.internetofwater.app/collections/rise-edr/locations/396?limit=50000&datetime=1990-10-01/2020-10-01&f=json,USBR Enterprise Asset Registry,,,1328723,774393,1309102,Elwell (Tiber Dam),Lake Elwell (Tiber Dam),,,,,,Total,3,,918394,,https://api.wwdh.internetofwater.app/collections/rise-edr/locations/396?parameter-name=3&limit=50000&datetime=1990-10-01/2020-10-01&f=json,https://data.usbr.gov/rise/api/result?locationId%5B%5D=396&parameterId%5B%5D=3&dateTime%5Bafter%5D=1990-09-30&dateTime%5Bbefore%5D=2020-10-01&itemsPerPage=15000,Reclamation,
Emigrant,Include (Omit % Avg if needed),RISE,Storage,RISE,7174,https://api.wwdh.internetofwater.app/collections/rise-edr/locations/7174?limit=50000&datetime=1990-10-01/2020-10-01&f=json,USBR Enterprise Asset Registry,,,40500,39000,38970,Emigrant,Emigrant Reservoir (Emigrant Dam),,,,,,Active,3,,39000,,https://api.wwdh.internetofwater.app/collections/rise-edr/locations/7174?parameter-name=3&limit=50000&datetime=1990-10-01/2020-10-01&f=json,https://data.usbr.gov/rise/api/result?locationId%5B%5D=7174&parameterId%5B%5D=3&dateTime%5Bafter%5D=1990-09-30&dateTime%5Bbefore%5D=2020-10-01&itemsPerPage=15000,Reclamation,
Enders,Include if possible,RISE (Pending),Storage,RISE (Pending),3656,https://api.wwdh.internetofwater.app/collections/rise-edr/locations/3656?limit=50000&datetime=1990-10-01/2020-10-01&f=json,USBR Enterprise Asset Registry,GP Hydromet - EDNE (has storage),Add Storage Data to RISE,72958,64010,65442,Enders,Enders Reservoir (Enders Dam),,,,,,Total,3,,42910,,https://api.wwdh.internetofwater.app/collections/rise-edr/locations/3656?parameter-name=3&limit=50000&datetime=1990-10-01/2020-10-01&f=json,https://data.usbr.gov/rise/api/result?locationId%5B%5D=3656&parameterId%5B%5D=3&dateTime%5Bafter%5D=1990-09-30&dateTime%5Bbefore%5D=2020-10-01&itemsPerPage=15000,Reclamation,
Estes,Include (Omit % Avg),RISE,Storage,RISE,429,https://api.wwdh.internetofwater.app/collections/rise-edr/locations/429?limit=50000&datetime=1990-10-01/2020-10-01&f=json,USBR Enterprise Asset Registry,https://www.usbr.gov/gp-bin/hydromet_dayfiles.pl,,2783,2470,2470,Estes (Olympus Dam),Lake Estes (Olympus Dam),,,,,,Total,3,,2783,,https://api.wwdh.internetofwater.app/collections/rise-edr/locations/429?parameter-name=3&limit=50000&datetime=1990-10-01/2020-10-01&f=json,https://data.usbr.gov/rise/api/result?locationId%5B%5D=429&parameterId%5B%5D=3&dateTime%5Bafter%5D=1990-09-30&dateTime%5Bbefore%5D=2020-10-01&itemsPerPage=15000,Reclamation,
Ewauna,Do Not Include,,Storage,0,--,,,,,,,0,,,,,,,,,,,,,,,,
Feed Canal Diversion,Do Not Include,,Storage,0,--,,,,,,,0,,,,,,,,,,,,,,,,
Fire Mountain Diversion,Do Not Include,,Storage,0,--,,,,,,,0,,,,,,,,,,,,,,,,
Fish,Include (Omit % Avg if needed),RISE,Storage,RISE,7176,https://api.wwdh.internetofwater.app/collections/rise-edr/locations/7176?limit=50000&datetime=1990-10-01/2020-10-01&f=json,USBR Enterprise Asset Registry,,,7836,7836,7836,Fish Lake,Fish Lake (Fish Lake Dam),,,,,,Active,3,,7836,,https://api.wwdh.internetofwater.app/collections/rise-edr/locations/7176?parameter-name=3&limit=50000&datetime=1990-10-01/2020-10-01&f=json,https://data.usbr.gov/rise/api/result?locationId%5B%5D=7176&parameterId%5B%5D=3&dateTime%5Bafter%5D=1990-09-30&dateTime%5Bbefore%5D=2020-10-01&itemsPerPage=15000,Reclamation,
Flaming Gorge,Include,RISE,Storage,RISE,1535,https://api.wwdh.internetofwater.app/collections/rise-edr/locations/1535?limit=50000&datetime=1990-10-01/2020-10-01&f=json,USBR Enterprise Asset Registry,,,3791700,3515500,3752000,Flaming Gorge,Flaming Gorge Reservoir (Flaming Gorge Dam),,,,,,Live,3,,3671000,,https://api.wwdh.internetofwater.app/collections/rise-edr/locations/1535?parameter-name=3&limit=50000&datetime=1990-10-01/2020-10-01&f=json,https://data.usbr.gov/rise/api/result?locationId%5B%5D=1535&parameterId%5B%5D=3&dateTime%5Bafter%5D=1990-09-30&dateTime%5Bbefore%5D=2020-10-01&itemsPerPage=15000,Reclamation,
Flatiron,Include (Omit % Avg),RISE,Storage,RISE,331,https://api.wwdh.internetofwater.app/collections/rise-edr/locations/331?limit=50000&datetime=1990-10-01/2020-10-01&f=json,USBR Enterprise Asset Registry,,,730,418,600,Flatiron,Flatiron Reservoir (Flatiron Dam),,,,,,Total,3,,730,,https://api.wwdh.internetofwater.app/collections/rise-edr/locations/331?parameter-name=3&limit=50000&datetime=1990-10-01/2020-10-01&f=json,https://data.usbr.gov/rise/api/result?locationId%5B%5D=331&parameterId%5B%5D=3&dateTime%5Bafter%5D=1990-09-30&dateTime%5Bbefore%5D=2020-10-01&itemsPerPage=15000,Reclamation,
Florida Farmers Diversion,Do Not Include,,Storage,0,--,,,,,,,0,,,,,,,,,,,,,,,,
Folsom,Include,RISE,Storage,RISE,334,https://api.wwdh.internetofwater.app/collections/rise-edr/locations/334?limit=50000&datetime=1990-10-01/2020-10-01&f=json,USBR Enterprise Asset Registry,,,977000,894000,977000,Folsom,Folsom Lake (Folsom Dam),,,,,,Total,3,,967000,,https://api.wwdh.internetofwater.app/collections/rise-edr/locations/334?parameter-name=3&limit=50000&datetime=1990-10-01/2020-10-01&f=json,https://data.usbr.gov/rise/api/result?locationId%5B%5D=334&parameterId%5B%5D=3&dateTime%5Bafter%5D=1990-09-30&dateTime%5Bbefore%5D=2020-10-01&itemsPerPage=15000,Reclamation,
Fontenelle,Include,RISE,Storage,RISE,1536,https://api.wwdh.internetofwater.app/collections/rise-edr/locations/1536?limit=50000&datetime=1990-10-01/2020-10-01&f=json,USBR Enterprise Asset Registry,,,334459,264244,333899,Fontenelle,Fontenelle Reservoir (Fontenelle Dam),,,,,,Live,3,,333956,,https://api.wwdh.internetofwater.app/collections/rise-edr/locations/1536?parameter-name=3&limit=50000&datetime=1990-10-01/2020-10-01&f=json,https://data.usbr.gov/rise/api/result?locationId%5B%5D=1536&parameterId%5B%5D=3&dateTime%5Bafter%5D=1990-09-30&dateTime%5Bbefore%5D=2020-10-01&itemsPerPage=15000,Reclamation,
Fort Cobb,Include if possible,RISE (Pending),Storage,RISE (Pending),3657,https://api.wwdh.internetofwater.app/collections/rise-edr/locations/3657?limit=50000&datetime=1990-10-01/2020-10-01&f=json,USBR Enterprise Asset Registry,GP Hydromet - COBB (has storage),Add Storage Data to RISE,133451,132436,132436,Fort Cobb,Fort Cobb Reservoir (Fort Cobb Dam),,,,,,Total,3,,71696,,https://api.wwdh.internetofwater.app/collections/rise-edr/locations/3657?parameter-name=3&limit=50000&datetime=1990-10-01/2020-10-01&f=json,https://data.usbr.gov/rise/api/result?locationId%5B%5D=3657&parameterId%5B%5D=3&dateTime%5Bafter%5D=1990-09-30&dateTime%5Bbefore%5D=2020-10-01&itemsPerPage=15000,Reclamation,
Fort Peck,Include if possible,https://water.usace.army.mil/cda/reporting/providers/nwdm/timeseries?name=FTPK.Stor.Inst.~1Day.0.Best-MRBWM&begin=2026-01-27T04:58:29.734Z&end=2026-02-03T04:58:29.734Z&format=csv,Storage,USACE,nwdm/FTPK.Stor.Inst.~1Day.0.Best-MRBWM,https://water.usace.army.mil/cda/reporting/providers/nwdm/timeseries?name=FTPK.Stor.Inst.~1Day.0.Best-MRBWM&begin=1990-10-01T00:00:00.000Z&end=2020-10-01T00:00:00.000Z&format=csv,USACE https://water.usace.army.mil/cda/documents/wc/2506/FortPeckWCM_Final_Dec2018_Redacted.pdf Table IV-1,https://water.sec.usace.army.mil/overview/nwdm/locations/ftpk,Use USACE Data,"18,463,000",,,Fort Peck,Fort Peck Lake (Fort Peck Dam),,,,,,Total,,,,,https://api.wwdh.internetofwater.app/collections/usace-edr/locations/2998030?parameter-name=Conservation%20Storage&datetime=1990-10-01/2020-10-01&f=json,https://water.usace.army.mil/cda/reporting/providers/nwdm/timeseries?name=FTPK.Stor.Inst.~1Day.0.Best-MRBWM&begin=1990-10-01T00:00:00.000Z&end=2020-10-01T00:00:00.000Z&format=csv,USACE,
Fort Shaw Diversion,Do Not Include,USACE https://water.usace.army.mil/overview/nww/locations/luc,Storage,USACE,luc,,,,,,,0,,,,,,,,,,,,,,,,
Fort Smith Sewage Disposal Ponds,Do Not Include,,Storage,0,--,,,,,,,0,,,,,,,,,,,,,,,,
Fort Sumner Diversion,Do Not Include,,Storage,0,--,,,,,,,0,,,,,,,,,,,,,,,,
Fort Thornburgh Diversion,Do Not Include,,Storage,0,--,,,,,,,0,,,,,,,,,,,,,,,,
Foss,Include if possible,RISE (Pending),Storage,RISE (Pending),3658,https://api.wwdh.internetofwater.app/collections/rise-edr/locations/3658?limit=50000&datetime=1990-10-01/2020-10-01&f=json,USBR Enterprise Asset Registry,GP Hydromet - FOSS (has storage),Add Storage Data to RISE,349303,340435,340435,Foss,Foss Reservoir (Foss Dam),,,,,,Total,3,,168732,,https://api.wwdh.internetofwater.app/collections/rise-edr/locations/3658?parameter-name=3&limit=50000&datetime=1990-10-01/2020-10-01&f=json,https://data.usbr.gov/rise/api/result?locationId%5B%5D=3658&parameterId%5B%5D=3&dateTime%5Bafter%5D=1990-09-30&dateTime%5Bbefore%5D=2020-10-01&itemsPerPage=15000,Reclamation,
Fourmile,Include (Omit % Avg if needed),RISE,Storage,RISE,7177,https://api.wwdh.internetofwater.app/collections/rise-edr/locations/7177?limit=50000&datetime=1990-10-01/2020-10-01&f=json,USBR Enterprise Asset Registry,,,15600,15600,15600,Fourmile Lake,Fourmile Lake (Fourmile Lake Dam),,,,,,Active,3,,15600,,https://api.wwdh.internetofwater.app/collections/rise-edr/locations/7177?parameter-name=3&limit=50000&datetime=1990-10-01/2020-10-01&f=json,https://data.usbr.gov/rise/api/result?locationId%5B%5D=7177&parameterId%5B%5D=3&dateTime%5Bafter%5D=1990-09-30&dateTime%5Bbefore%5D=2020-10-01&itemsPerPage=15000,Reclamation,
Franchi,Do Not Include,,Storage,0,--,,,,,,,0,,,,,,,,,,,,,,,,
Frank Chee Willetto,Do Not Include,,Storage,0,--,,,,,,,0,,,,,,,,,,,,,,,,
Franklin D. Roosevelt,Include if possible,https://water.usace.army.mil/cda/reporting/providers/nwdp/timeseries?name=GCL.Stor.Inst.1Hour.0.CBT-REV&begin=2026-01-27T05:06:35.469Z&end=2026-02-03T05:06:35.469Z&format=csv,Storage,USACE,nwdp/GCL.Stor.Inst.1Hour.0.CBT-REV,https://water.usace.army.mil/cda/reporting/providers/nwdp/timeseries?name=GCL.Stor.Inst.1Hour.0.CBT-REV&begin=1990-10-01T00:00:00.000Z&end=2020-10-01T00:00:00.000Z&format=csv,USBR Enterprise Asset Registry,Storage: https://water.usace.army.mil/overview/nwdp/locations/gcl,Use USACE Data,9715346,5349560,9405302,Franklin D. Roosevelt (Grand Coulee Dam),Franklin D. Roosevelt Lake (Grand Coulee Dam),,,,,,Total,,,9715346,,https://api.wwdh.internetofwater.app/collections/usace-edr/locations/52327029?parameter-name=Conservation%20Storage&datetime=1990-10-01/2020-10-01&f=json,https://water.usace.army.mil/cda/reporting/providers/nwdp/timeseries?name=GCL.Stor.Inst.1Hour.0.CBT-REV&begin=1990-10-01T00:00:00.000Z&end=2020-10-01T00:00:00.000Z&format=csv,Reclamation,
French Canyon,Do Not Include,,Storage,0,--,,,,,,645,670,,,,,,,,,,,,,,,,
Frenchtown Diversion,Do Not Include,,Storage,0,--,,,,,,,0,,,,,,,,,,,,,,,,
Fresno,Include,RISE,Storage,RISE,337,https://api.wwdh.internetofwater.app/collections/rise-edr/locations/337?limit=50000&datetime=1990-10-01/2020-10-01&f=json,USBR Enterprise Asset Registry,,,91746,91588,91588,Fresno,Fresno Reservoir (Fresno Dam),,,,,,Total,3,,85375,,https://api.wwdh.internetofwater.app/collections/rise-edr/locations/337?parameter-name=3&limit=50000&datetime=1990-10-01/2020-10-01&f=json,https://data.usbr.gov/rise/api/result?locationId%5B%5D=337&parameterId%5B%5D=3&dateTime%5Bafter%5D=1990-09-30&dateTime%5Bbefore%5D=2020-10-01&itemsPerPage=15000,Reclamation,
Fruitgrowers,Include,RISE,Storage,RISE,338,https://api.wwdh.internetofwater.app/collections/rise-edr/locations/338?limit=50000&datetime=1990-10-01/2020-10-01&f=json,USBR Enterprise Asset Registry,,,4030,4025,4025,Fruitgrowers,Fruitgrowers Reservoir (Fruitgrowers Dam),,,,,,Total,3,,4030,,https://api.wwdh.internetofwater.app/collections/rise-edr/locations/338?parameter-name=3&limit=50000&datetime=1990-10-01/2020-10-01&f=json,https://data.usbr.gov/rise/api/result?locationId%5B%5D=338&parameterId%5B%5D=3&dateTime%5Bafter%5D=1990-09-30&dateTime%5Bbefore%5D=2020-10-01&itemsPerPage=15000,Reclamation,
Fryingpan Diversion,Do Not Include,,Storage,0,--,,,,,,,0,,,,,,,,,,,,,,,,
Funks,Do Not Include,,Storage,0,--,,,,,,1190,2070,,,,,,,,,,,,,,,,
Garnet Diversion,Do Not Include,,Storage,0,--,,,,,,,0,,,,,,,,,,,,,,,,
Gerber,Include if possible,RISE (Pending),Storage,RISE (Pending),7306,,USBR Enterprise Asset Registry,storage: Hydromet data https://www.usbr.gov/pn/hydromet/klamath/kinstant_graph.html?cbtt=GER&pcode=AF,Add Storage Data to RISE,94300,92300,94300,Gerber,Gerber Reservoir (Gerber Dam),-121.13,42.2012,,,,Total,3,,94300,,,,Reclamation,
Gibson,Include,RISE,Storage,RISE,342,https://api.wwdh.internetofwater.app/collections/rise-edr/locations/342?limit=50000&datetime=1990-10-01/2020-10-01&f=json,USBR Enterprise Asset Registry,,,98688,98688,98688,Gibson,Gibson Reservoir (Gibson Dam),,,,,,Total,3,,98688,,https://api.wwdh.internetofwater.app/collections/rise-edr/locations/342?parameter-name=3&limit=50000&datetime=1990-10-01/2020-10-01&f=json,https://data.usbr.gov/rise/api/result?locationId%5B%5D=342&parameterId%5B%5D=3&dateTime%5Bafter%5D=1990-09-30&dateTime%5Bbefore%5D=2020-10-01&itemsPerPage=15000,Reclamation,
Glen Anne,Do Not Include,,Storage,0,--,,,,,,385,0,,,,,,,,,,,,,,,,
Glendo,Include,RISE,Storage,RISE,345,https://api.wwdh.internetofwater.app/collections/rise-edr/locations/345?limit=50000&datetime=1990-10-01/2020-10-01&f=json,USBR Enterprise Asset Registry,,,763039,711466,756029,Glendo,Glendo Reservoir (Glendo Dam),,,,,,Total,3,,492022,,https://api.wwdh.internetofwater.app/collections/rise-edr/locations/345?parameter-name=3&limit=50000&datetime=1990-10-01/2020-10-01&f=json,https://data.usbr.gov/rise/api/result?locationId%5B%5D=345&parameterId%5B%5D=3&dateTime%5Bafter%5D=1990-09-30&dateTime%5Bbefore%5D=2020-10-01&itemsPerPage=15000,Reclamation,
Gracie Creek,Do Not Include,,Storage,0,--,,,,,,,0,,,,,,,,,,,,,,,,
Granby,Include,RISE,Storage,RISE,351,https://api.wwdh.internetofwater.app/collections/rise-edr/locations/351?limit=50000&datetime=1990-10-01/2020-10-01&f=json,USBR Enterprise Asset Registry,,,539758,465568,490291,Granby,Lake Granby (Granby Dam),,,,,,Total,3,,539758,,https://api.wwdh.internetofwater.app/collections/rise-edr/locations/351?parameter-name=3&limit=50000&datetime=1990-10-01/2020-10-01&f=json,https://data.usbr.gov/rise/api/result?locationId%5B%5D=351&parameterId%5B%5D=3&dateTime%5Bafter%5D=1990-09-30&dateTime%5Bbefore%5D=2020-10-01&itemsPerPage=15000,Reclamation,
Grand,Do Not Include,,Storage,0,344,,,,,,,0,,,,,,,,,,,,,,,,
Grand Valley Diversion,Do Not Include,,Storage,0,--,,,,,,,0,,,,,,,,,,,,,,,,
Granite Diversion,Do Not Include,,Storage,0,--,,,,,,,0,,,,,,,,,,,,,,,,
Granite Reef Diversion,Do Not Include,,Storage,0,--,,,,,,,0,,,,,,,,,,,,,,,,
Grassy,Include (Omit % Avg if needed),RISE,Storage,RISE,7178,https://api.wwdh.internetofwater.app/collections/rise-edr/locations/7178?limit=50000&datetime=1990-10-01/2020-10-01&f=json,USBR Enterprise Asset Registry,,,15452,15182,15182,Grassy Lake,Grassy Lake (Grassy Lake Dam),,,,,,Active,3,,15182,,https://api.wwdh.internetofwater.app/collections/rise-edr/locations/7178?parameter-name=3&limit=50000&datetime=1990-10-01/2020-10-01&f=json,https://data.usbr.gov/rise/api/result?locationId%5B%5D=7178&parameterId%5B%5D=3&dateTime%5Bafter%5D=1990-09-30&dateTime%5Bbefore%5D=2020-10-01&itemsPerPage=15000,Reclamation,
Gray Reef,Include if possible,RISE (Pending),Storage,RISE (Pending),3,https://api.wwdh.internetofwater.app/collections/rise-edr/locations/3?limit=50000&datetime=1990-10-01/2020-10-01&f=json,USBR Enterprise Asset Registry,Storage: ? MB -Hydromet - GRAR,Fix RISE data feed?,1800,1744,1744,Gray Reef,Gray Reef Reservoir (Gray Reef Dam),,,,,,Total,3,,1800,,https://api.wwdh.internetofwater.app/collections/rise-edr/locations/3?parameter-name=3&limit=50000&datetime=1990-10-01/2020-10-01&f=json,https://data.usbr.gov/rise/api/result?locationId%5B%5D=3&parameterId%5B%5D=3&dateTime%5Bafter%5D=1990-09-30&dateTime%5Bbefore%5D=2020-10-01&itemsPerPage=15000,Reclamation,
Green Mountain,Include,RISE,Storage,RISE,353,https://api.wwdh.internetofwater.app/collections/rise-edr/locations/353?limit=50000&datetime=1990-10-01/2020-10-01&f=json,USBR Enterprise Asset Registry,,,153639,112794,146779,Green Mountain,Green Mountain Reservoir (Green Mountain Dam),,,,,,Total,3,,153639,,https://api.wwdh.internetofwater.app/collections/rise-edr/locations/353?parameter-name=3&limit=50000&datetime=1990-10-01/2020-10-01&f=json,https://data.usbr.gov/rise/api/result?locationId%5B%5D=353&parameterId%5B%5D=3&dateTime%5Bafter%5D=1990-09-30&dateTime%5Bbefore%5D=2020-10-01&itemsPerPage=15000,Reclamation,
Guernsey,Include (Omit % Avg),RISE,Storage,RISE,357,https://api.wwdh.internetofwater.app/collections/rise-edr/locations/357?limit=50000&datetime=1990-10-01/2020-10-01&f=json,USBR Enterprise Asset Registry,MB -Hydromet GUER,,45612,45612,45612,Guernsey,Guernsey Reservoir (Guernsey Dam),,,,,,Total,3,,45612,,https://api.wwdh.internetofwater.app/collections/rise-edr/locations/357?parameter-name=3&limit=50000&datetime=1990-10-01/2020-10-01&f=json,https://data.usbr.gov/rise/api/result?locationId%5B%5D=357&parameterId%5B%5D=3&dateTime%5Bafter%5D=1990-09-30&dateTime%5Bbefore%5D=2020-10-01&itemsPerPage=15000,Reclamation,
Guide Rock Diversion,Do Not Include,,Storage,0,--,,,"GP Hydromet - GDSNE (channel gage, no storage, gage height only)",,,,0,,,,,,,,,,,,,,,,
Gunnison Diversion,Do Not Include,,Storage,0,--,,,,,,,0,,,,,,,,,,,,,,,,
Hades Diversion,Do Not Include,,Storage,0,--,,,,,,,0,,,,,,,,,,,,,,,,
Halfmoon Diversion,Do Not Include,,Storage,0,--,,,,,,,0,,,,,,,,,,,,,,,,
Hammond Diversion,Do Not Include,,Storage,0,--,,,,,,,0,,,,,,,,,,,,,,,,
Harmon,Do Not Include,,Storage,0,--,,,,,,,0,,,,,,,,,,,,,,,,
Harper Diversion,Do Not Include,,Storage,0,--,,,,,,,0,,,,,,,,,,,,,,,,
Harry Strunk,Include if possible,RISE (Pending),Storage,RISE (Pending),3650,https://api.wwdh.internetofwater.app/collections/rise-edr/locations/3650?limit=50000&datetime=1990-10-01/2020-10-01&f=json,USBR Enterprise Asset Registry,GP Hydromet - HSNE (has storage),Add Storage Data to RISE,87361,79464,83953,Harry Strunk (Medicine Creek Dam),Harry Strunk Lake (Medicine Creek Dam),,,,,,Total,3,,34647,,https://api.wwdh.internetofwater.app/collections/rise-edr/locations/3650?parameter-name=3&limit=50000&datetime=1990-10-01/2020-10-01&f=json,https://data.usbr.gov/rise/api/result?locationId%5B%5D=3650&parameterId%5B%5D=3&dateTime%5Bafter%5D=1990-09-30&dateTime%5Bbefore%5D=2020-10-01&itemsPerPage=15000,Reclamation,
Havasu,Include,RISE,Storage,RISE,3515,https://api.wwdh.internetofwater.app/collections/rise-edr/locations/3515?limit=50000&datetime=1990-10-01/2020-10-01&f=json,USBR Enterprise Asset Registry,,,590262,180000,570253,Havasu (Parker Dam),Lake Havasu (Parker Dam),,,,,,Live,3,,570253,,https://api.wwdh.internetofwater.app/collections/rise-edr/locations/3515?parameter-name=3&limit=50000&datetime=1990-10-01/2020-10-01&f=json,https://data.usbr.gov/rise/api/result?locationId%5B%5D=3515&parameterId%5B%5D=3&dateTime%5Bafter%5D=1990-09-30&dateTime%5Bbefore%5D=2020-10-01&itemsPerPage=15000,Reclamation,
Haystack,Include (Omit % Avg if needed),RISE,Storage,RISE,7179,https://api.wwdh.internetofwater.app/collections/rise-edr/locations/7179?limit=50000&datetime=1990-10-01/2020-10-01&f=json,USBR Enterprise Asset Registry,,,5650,5635,5635,Haystack,Haystack Reservoir (Haystack Dam),,,,,,Active,3,,5635,,https://api.wwdh.internetofwater.app/collections/rise-edr/locations/7179?parameter-name=3&limit=50000&datetime=1990-10-01/2020-10-01&f=json,https://data.usbr.gov/rise/api/result?locationId%5B%5D=7179&parameterId%5B%5D=3&dateTime%5Bafter%5D=1990-09-30&dateTime%5Bbefore%5D=2020-10-01&itemsPerPage=15000,Reclamation,
Heckers,Do Not Include,,Storage,0,--,,,,,,,0,,,,,,,,,,,,,,,,
Helena Valley,Include if possible,RISE (Pending),Storage,RISE (Pending),7301,https://api.wwdh.internetofwater.app/collections/rise-edr/locations/7301?limit=50000&datetime=1990-10-01/2020-10-01&f=json,USBR Enterprise Asset Registry,GP Hydromet - HVT (has storage),Add Storage Data to RISE,10451,5897,9187,Helena Valley,Helena Valley Reservoir (Helena Valley Dam),-111.8828,46.6413,,,,Total,3,,10451,,https://api.wwdh.internetofwater.app/collections/rise-edr/locations/7301?parameter-name=3&limit=50000&datetime=1990-10-01/2020-10-01&f=json,https://data.usbr.gov/rise/api/result?locationId%5B%5D=7301&parameterId%5B%5D=3&dateTime%5Bafter%5D=1990-09-30&dateTime%5Bbefore%5D=2020-10-01&itemsPerPage=15000,Reclamation,
Henry Hagg,Include (Omit % Avg if needed),RISE,Storage,RISE,3651,https://api.wwdh.internetofwater.app/collections/rise-edr/locations/3651?limit=50000&datetime=1990-10-01/2020-10-01&f=json,USBR Enterprise Asset Registry,,,62216,53323,55943,Henry Hagg (Scoggins Dam),Henry Hagg Lake (Scoggins Dam),,,,,,Active,3,,53323,,https://api.wwdh.internetofwater.app/collections/rise-edr/locations/3651?parameter-name=3&limit=50000&datetime=1990-10-01/2020-10-01&f=json,https://data.usbr.gov/rise/api/result?locationId%5B%5D=3651&parameterId%5B%5D=3&dateTime%5Bafter%5D=1990-09-30&dateTime%5Bbefore%5D=2020-10-01&itemsPerPage=15000,Reclamation,
Henrys,Do Not Include,,Storage,0,7180,,,,,,,,,,,,,,,,,,,,,,,
Heron,Include,RISE,Storage,RISE,365,https://api.wwdh.internetofwater.app/collections/rise-edr/locations/365?limit=50000&datetime=1990-10-01/2020-10-01&f=json,USBR Enterprise Asset Registry,,,428360,400034,427267,Heron,Heron Reservoir (Heron Dam),,,,,,Total,3,,400034,,https://api.wwdh.internetofwater.app/collections/rise-edr/locations/365?parameter-name=3&limit=50000&datetime=1990-10-01/2020-10-01&f=json,https://data.usbr.gov/rise/api/result?locationId%5B%5D=365&parameterId%5B%5D=3&dateTime%5Bafter%5D=1990-09-30&dateTime%5Bbefore%5D=2020-10-01&itemsPerPage=15000,Reclamation,
Hoffer,Do Not Include,,Storage,0,--,,,,,,,0,,,,,,,,,,,,,,,,
Holmes,Do Not Include,,Storage,0,--,,,,,,,0,,,,,,,,,,,,,,,,
Horseshoe,Do Not Include,,Storage,0,--,,,,,,98281,0,,,,,,,,,,,,,,,,
Horsetooth,Include,RISE,Storage,RISE,369,https://api.wwdh.internetofwater.app/collections/rise-edr/locations/369?limit=50000&datetime=1990-10-01/2020-10-01&f=json,USBR Enterprise Asset Registry,,,156735,139135,149732,Horsetooth,Horsetooth Reservoir (Horsetooth Dam),,,,,,Total,3,,156735,,https://api.wwdh.internetofwater.app/collections/rise-edr/locations/369?parameter-name=3&limit=50000&datetime=1990-10-01/2020-10-01&f=json,https://data.usbr.gov/rise/api/result?locationId%5B%5D=369&parameterId%5B%5D=3&dateTime%5Bafter%5D=1990-09-30&dateTime%5Bbefore%5D=2020-10-01&itemsPerPage=15000,Reclamation,
Howard Prairie,Include (Omit % Avg if needed),RISE,Storage,RISE,7182,https://api.wwdh.internetofwater.app/collections/rise-edr/locations/7182?limit=50000&datetime=1990-10-01/2020-10-01&f=json,USBR Enterprise Asset Registry,,,62100,60600,60600,Howard Prairie,Howard Prairie Reservoir (Howard Prairie Dam),,,,,,Active,3,,60600,,https://api.wwdh.internetofwater.app/collections/rise-edr/locations/7182?parameter-name=3&limit=50000&datetime=1990-10-01/2020-10-01&f=json,https://data.usbr.gov/rise/api/result?locationId%5B%5D=7182&parameterId%5B%5D=3&dateTime%5Bafter%5D=1990-09-30&dateTime%5Bbefore%5D=2020-10-01&itemsPerPage=15000,Reclamation,
Hubbard,Do Not Include,,Storage,0,--,,,,,,4060,4060,,,,,,,,,,,,,,,,
Hugh Butler,Include if possible,RISE (Pending),Storage,RISE (Pending),3652,https://api.wwdh.internetofwater.app/collections/rise-edr/locations/3652?limit=50000&datetime=1990-10-01/2020-10-01&f=json,USBR Enterprise Asset Registry,GP Hydromet - HBNE (has storage),Add Storage Data to RISE,85070,76149,79885,Hugh Butler (Red Willow Dam),Hugh Butler Lake (Red Willow Dam),,,,,,Total,3,,36224,,https://api.wwdh.internetofwater.app/collections/rise-edr/locations/3652?parameter-name=3&limit=50000&datetime=1990-10-01/2020-10-01&f=json,https://data.usbr.gov/rise/api/result?locationId%5B%5D=3652&parameterId%5B%5D=3&dateTime%5Bafter%5D=1990-09-30&dateTime%5Bbefore%5D=2020-10-01&itemsPerPage=15000,Reclamation,
Hungry Horse,Include (Omit % Avg if needed),RISE,Storage,RISE,7181,https://api.wwdh.internetofwater.app/collections/rise-edr/locations/7181?limit=50000&datetime=1990-10-01/2020-10-01&f=json,USBR Enterprise Asset Registry,,,3467179,2982026,3427450,Hungry Horse,Hungry Horse Reservoir (Hungry Horse Dam),,,,,,Active,3,,2982026,,https://api.wwdh.internetofwater.app/collections/rise-edr/locations/7181?parameter-name=3&limit=50000&datetime=1990-10-01/2020-10-01&f=json,https://data.usbr.gov/rise/api/result?locationId%5B%5D=7181&parameterId%5B%5D=3&dateTime%5Bafter%5D=1990-09-30&dateTime%5Bbefore%5D=2020-10-01&itemsPerPage=15000,Reclamation,
Hunter Creek Diversion,Do Not Include,,Storage,0,--,,,,,,,0,,,,,,,,,,,,,,,,
Huntington North,Do Not Include,,Storage,0,370,,,,,,,,,,,,,,,,,,,,,,,
Hyatt,Include (Omit % Avg if needed),RISE,Storage,RISE,7183,https://api.wwdh.internetofwater.app/collections/rise-edr/locations/7183?limit=50000&datetime=1990-10-01/2020-10-01&f=json,USBR Enterprise Asset Registry,,,16200,16200,0,Hyatt,Hyatt Reservoir (Hyatt Dam),,,,,,Active,3,,16200,,https://api.wwdh.internetofwater.app/collections/rise-edr/locations/7183?parameter-name=3&limit=50000&datetime=1990-10-01/2020-10-01&f=json,https://data.usbr.gov/rise/api/result?locationId%5B%5D=7183&parameterId%5B%5D=3&dateTime%5Bafter%5D=1990-09-30&dateTime%5Bbefore%5D=2020-10-01&itemsPerPage=15000,Reclamation,
Hyrum,Include,RISE,Storage,RISE,372,https://api.wwdh.internetofwater.app/collections/rise-edr/locations/372?limit=50000&datetime=1990-10-01/2020-10-01&f=json,USBR Enterprise Asset Registry,,,17746,13881,14734,Hyrum,Hyrum Reservoir (Hyrum Dam),,,,,,Live,3,,14734,,https://api.wwdh.internetofwater.app/collections/rise-edr/locations/372?parameter-name=3&limit=50000&datetime=1990-10-01/2020-10-01&f=json,https://data.usbr.gov/rise/api/result?locationId%5B%5D=372&parameterId%5B%5D=3&dateTime%5Bafter%5D=1990-09-30&dateTime%5Bbefore%5D=2020-10-01&itemsPerPage=15000,Reclamation,
Imperial,Do Not Include,,Storage,0,7,,,,,,,0,,,,,,,,,,,,,,,,
Ironstone Diversion,Do Not Include,,Storage,0,--,,,,,,,0,,,,,,,,,,,,,,,,
Isabel,Do Not Include,,Storage,0,3708,,,,,,,,,,,,,,,,,,,,,,,
Island Park,Include (Omit % Avg if needed),RISE,Storage,RISE,7184,https://api.wwdh.internetofwater.app/collections/rise-edr/locations/7184?limit=50000&datetime=1990-10-01/2020-10-01&f=json,USBR Enterprise Asset Registry,,,135585,135205,135585,Island Park,Island Park Reservoir (Island Park Dam),,,,,,Active,3,,135205,,https://api.wwdh.internetofwater.app/collections/rise-edr/locations/7184?parameter-name=3&limit=50000&datetime=1990-10-01/2020-10-01&f=json,https://data.usbr.gov/rise/api/result?locationId%5B%5D=7184&parameterId%5B%5D=3&dateTime%5Bafter%5D=1990-09-30&dateTime%5Bbefore%5D=2020-10-01&itemsPerPage=15000,Reclamation,
Isleta Diversion,Do Not Include,,Storage,0,--,,,,,,,0,,,,,,,,,,,,,,,,
Ivanhoe Diversion,Do Not Include,,Storage,0,--,,,,,,,0,,,,,,,,,,,,,,,,
Jackson,Include (Omit % Avg if needed),RISE,Storage,RISE,7185,https://api.wwdh.internetofwater.app/collections/rise-edr/locations/7185?limit=50000&datetime=1990-10-01/2020-10-01&f=json,USBR Enterprise Asset Registry,,,847000,847000,0,Jackson Lake,Jackson Lake (Jackson Lake Dam),,,,,,Active,3,,847000,,https://api.wwdh.internetofwater.app/collections/rise-edr/locations/7185?parameter-name=3&limit=50000&datetime=1990-10-01/2020-10-01&f=json,https://data.usbr.gov/rise/api/result?locationId%5B%5D=7185&parameterId%5B%5D=3&dateTime%5Bafter%5D=1990-09-30&dateTime%5Bbefore%5D=2020-10-01&itemsPerPage=15000,Reclamation,
Jackson Gulch,Include,RISE,Storage,RISE,378,https://api.wwdh.internetofwater.app/collections/rise-edr/locations/378?limit=50000&datetime=1990-10-01/2020-10-01&f=json,USBR Enterprise Asset Registry,,,9980,9950,9951,Jackson Gulch,Jackson Gulch Reservoir (Jackson Gulch Dam),,,,,,Total,3,,9980,,https://api.wwdh.internetofwater.app/collections/rise-edr/locations/378?parameter-name=3&limit=50000&datetime=1990-10-01/2020-10-01&f=json,https://data.usbr.gov/rise/api/result?locationId%5B%5D=378&parameterId%5B%5D=3&dateTime%5Bafter%5D=1990-09-30&dateTime%5Bbefore%5D=2020-10-01&itemsPerPage=15000,Reclamation,
James Diversion,Do Not Include,,Storage,0,--,,,,,,,0,,,,,,,,,,,,,,,,
Jamestown,Include,RISE,Storage,RISE,379,https://api.wwdh.internetofwater.app/collections/rise-edr/locations/379?limit=50000&datetime=1990-10-01/2020-10-01&f=json,USBR Enterprise Asset Registry,,,220990,220698,220698,Jamestown,Jamestown Reservoir (Jamestown Dam),,,,,,Active,3,Yes,30196,,https://api.wwdh.internetofwater.app/collections/rise-edr/locations/379?parameter-name=3&limit=50000&datetime=1990-10-01/2020-10-01&f=json,https://data.usbr.gov/rise/api/result?locationId%5B%5D=379&parameterId%5B%5D=3&dateTime%5Bafter%5D=1990-09-30&dateTime%5Bbefore%5D=2020-10-01&itemsPerPage=15000,Reclamation,
Jemez Canyon,Do Not Include,,Storage,0,381,,,,,,,,,,,,,,,,,,,,,,,
Joes Valley,Do Not Include,,Storage,0,383,,,,,,,,,,,,,,,,,,,,,,,
Jordanelle,Include (Omit % Avg),RISE,Storage,RISE,384,https://api.wwdh.internetofwater.app/collections/rise-edr/locations/384?limit=50000&datetime=1990-10-01/2020-10-01&f=json,USBR Enterprise Asset Registry,,,361500,360500,358474,Jordanelle,Jordanelle Reservoir (Jordanelle Dam),,,,,,Live,3,Yes,311000,,https://api.wwdh.internetofwater.app/collections/rise-edr/locations/384?parameter-name=3&limit=50000&datetime=1990-10-01/2020-10-01&f=json,https://data.usbr.gov/rise/api/result?locationId%5B%5D=384&parameterId%5B%5D=3&dateTime%5Bafter%5D=1990-09-30&dateTime%5Bbefore%5D=2020-10-01&itemsPerPage=15000,Reclamation,
Kachess,Include (Omit % Avg if needed),RISE,Storage,RISE,7186,https://api.wwdh.internetofwater.app/collections/rise-edr/locations/7186?limit=50000&datetime=1990-10-01/2020-10-01&f=json,USBR Enterprise Asset Registry,,,239000,239000,0,Kachess,Kachess Lake (Kachess Dam),,,,,,Active,3,,239000,,https://api.wwdh.internetofwater.app/collections/rise-edr/locations/7186?parameter-name=3&limit=50000&datetime=1990-10-01/2020-10-01&f=json,https://data.usbr.gov/rise/api/result?locationId%5B%5D=7186&parameterId%5B%5D=3&dateTime%5Bafter%5D=1990-09-30&dateTime%5Bbefore%5D=2020-10-01&itemsPerPage=15000,Reclamation,
Keechelus,Include (Omit % Avg if needed),RISE,Storage,RISE,7187,https://api.wwdh.internetofwater.app/collections/rise-edr/locations/7187?limit=50000&datetime=1990-10-01/2020-10-01&f=json,USBR Enterprise Asset Registry,,,158000,158000,0,Keechelus,Keechelus Lake (Keechelus Dam),,,,,,Active,3,,158000,,https://api.wwdh.internetofwater.app/collections/rise-edr/locations/7187?parameter-name=3&limit=50000&datetime=1990-10-01/2020-10-01&f=json,https://data.usbr.gov/rise/api/result?locationId%5B%5D=7187&parameterId%5B%5D=3&dateTime%5Bafter%5D=1990-09-30&dateTime%5Bbefore%5D=2020-10-01&itemsPerPage=15000,Reclamation,
Keene Creek,Do Not Include,,Storage,0,3673,,,,,,260,297,,,,,,,,,,,,,,,,
Keith Sebelius,Include,RISE,Storage,RISE,390,https://api.wwdh.internetofwater.app/collections/rise-edr/locations/390?limit=50000&datetime=1990-10-01/2020-10-01&f=json,USBR Enterprise Asset Registry,GP Hydromet - KSKS,,133740,129747,132104,Keith Sebelius (Norton Dam),Keith Sebelius Lake (Norton Dam),,,,,,Total,3,,34510,,https://api.wwdh.internetofwater.app/collections/rise-edr/locations/390?parameter-name=3&limit=50000&datetime=1990-10-01/2020-10-01&f=json,https://data.usbr.gov/rise/api/result?locationId%5B%5D=390&parameterId%5B%5D=3&dateTime%5Bafter%5D=1990-09-30&dateTime%5Bbefore%5D=2020-10-01&itemsPerPage=15000,Reclamation,
Kent Diversion Dam,Do Not Include,,Storage,0,--,,,"GP Hydromet - KDNE (canal gage, no storage, gage height only)",,,,0,,,,,,,,,,,,,,,,
Keswick,Include,RISE,Storage,RISE,387,https://api.wwdh.internetofwater.app/collections/rise-edr/locations/387?limit=50000&datetime=1990-10-01/2020-10-01&f=json,USBR Enterprise Asset Registry,,,23772,7470,23674,Keswick,Keswick Reservoir (Keswick Dam),,,,,,Total,3,,23772,,https://api.wwdh.internetofwater.app/collections/rise-edr/locations/387?parameter-name=3&limit=50000&datetime=1990-10-01/2020-10-01&f=json,https://data.usbr.gov/rise/api/result?locationId%5B%5D=387&parameterId%5B%5D=3&dateTime%5Bafter%5D=1990-09-30&dateTime%5Bbefore%5D=2020-10-01&itemsPerPage=15000,Reclamation,
Keyhole,Include,RISE,Storage,RISE,388,https://api.wwdh.internetofwater.app/collections/rise-edr/locations/388?limit=50000&datetime=1990-10-01/2020-10-01&f=json,USBR Enterprise Asset Registry,,,329134,322542,328847,Keyhole,Keyhole Reservoir (Keyhole Dam),,,,,,Active,3,Yes,182079,,https://api.wwdh.internetofwater.app/collections/rise-edr/locations/388?parameter-name=3&limit=50000&datetime=1990-10-01/2020-10-01&f=json,https://data.usbr.gov/rise/api/result?locationId%5B%5D=388&parameterId%5B%5D=3&dateTime%5Bafter%5D=1990-09-30&dateTime%5Bbefore%5D=2020-10-01&itemsPerPage=15000,Reclamation,
Kirwin,Include,RISE,Storage,RISE,391,https://api.wwdh.internetofwater.app/collections/rise-edr/locations/391?limit=50000&datetime=1990-10-01/2020-10-01&f=json,USBR Enterprise Asset Registry,GP Hydromet - KWKS,,313290,304775,308321,Kirwin,Kirwin Reservoir (Kirwin Dam),,,,,,Total,3,,98154,,https://api.wwdh.internetofwater.app/collections/rise-edr/locations/391?parameter-name=3&limit=50000&datetime=1990-10-01/2020-10-01&f=json,https://data.usbr.gov/rise/api/result?locationId%5B%5D=391&parameterId%5B%5D=3&dateTime%5Bafter%5D=1990-09-30&dateTime%5Bbefore%5D=2020-10-01&itemsPerPage=15000,Reclamation,
Knight Diversion,Do Not Include,,Storage,0,--,,,,,,,0,,,,,,,,,,,,,,,,
Kortes,Include if possible,RISE (Pending),Storage,RISE (Pending),--,,USBR Enterprise Asset Registry,MB Hydromet - KORR (has storage),Add Storage Data to RISE,4739,3073,4588,Kortes,Kortes Reservoir (Kortes Dam),-106.8808,42.1742,,,,Total,3,,4739,,,,Reclamation,
Laguna Diversion,Do Not Include,,Storage,0,--,,,,,,,0,,,,,,,,,,,,,,,,
Lahontan,Include if possible,"USGS Lahontan Res NR Fallon, NV - USGS-10312100",Storage,USGS,10312100,https://api.waterdata.usgs.gov/ogcapi/v0/collections/daily/items?f=json&monitoring_location_id=USGS-10312100&parameter_code=00054&time=1990-10-01/2020-09-30&limit=50000,USBR Enterprise Asset Registry,"Lahontan Res NR Fallon, NV - USGS-10312100; https://www.troa.net/tis/",Use USGS Data,319800,319800,319700,Lahontan,Lahontan Reservoir (Lahontan Dam),,,,,,Total,,,319800,,,https://api.waterdata.usgs.gov/ogcapi/v0/collections/daily/items?f=json&monitoring_location_id=USGS-10312100&parameter_code=00054&time=1990-10-01/2020-09-30&limit=50000,Reclamation,
Lake Frances,Do Not Include,,Storage,0,5,,,,,,,,,,,,,,,,,,,,,,,
Lake Of The Arbuckles,Include if possible,RISE (Pending),Storage,RISE (Pending),7303,https://api.wwdh.internetofwater.app/collections/rise-edr/locations/7303?limit=50000&datetime=1990-10-01/2020-10-01&f=json,USBR Enterprise Asset Registry,GP Hydromet - ARBUCK (has storage),Add Storage Data to RISE,108596,98220,107898,Lake Of The Arbuckles (Arbuckle Dam),Lake Of The Arbuckles (Arbuckle Dam),-97.0278,34.4331,,,,Total,3,,72399,,https://api.wwdh.internetofwater.app/collections/rise-edr/locations/7303?parameter-name=3&limit=50000&datetime=1990-10-01/2020-10-01&f=json,https://data.usbr.gov/rise/api/result?locationId%5B%5D=7303&parameterId%5B%5D=3&dateTime%5Bafter%5D=1990-09-30&dateTime%5Bbefore%5D=2020-10-01&itemsPerPage=15000,Reclamation,
Lake Waha Feeder Canal Diversion,Do Not Include,,Storage,0,--,,,,,,,0,,,,,,,,,,,,,,,,
Lauro,Do Not Include,,Storage,0,--,,,,,,620,0,,,,,,,,,,,,,,,,
Leasburg Diversion,Do Not Include,,Storage,0,--,,,,,,,0,,,,,,,,,,,,,,,,
Lemon,Include,RISE,Storage,RISE,395,https://api.wwdh.internetofwater.app/collections/rise-edr/locations/395?limit=50000&datetime=1990-10-01/2020-10-01&f=json,USBR Enterprise Asset Registry,,,40146,39030,39792,Lemon,Lemon Reservoir (Lemon Dam),,,,,,Total,3,,40146,,https://api.wwdh.internetofwater.app/collections/rise-edr/locations/395?parameter-name=3&limit=50000&datetime=1990-10-01/2020-10-01&f=json,https://data.usbr.gov/rise/api/result?locationId%5B%5D=395&parameterId%5B%5D=3&dateTime%5Bafter%5D=1990-09-30&dateTime%5Bbefore%5D=2020-10-01&itemsPerPage=15000,Reclamation,
Leon Creek Diversion,Do Not Include,,Storage,0,--,,,,,,,0,,,,,,,,,,,,,,,,
Lewiston,Include,RISE,Storage,RISE,397,https://api.wwdh.internetofwater.app/collections/rise-edr/locations/397?limit=50000&datetime=1990-10-01/2020-10-01&f=json,USBR Enterprise Asset Registry,,,14660,2890,14620,Lewiston,Lewiston Lake (Lewiston Dam),,,,,,Total,3,,14660,,https://api.wwdh.internetofwater.app/collections/rise-edr/locations/397?parameter-name=3&limit=50000&datetime=1990-10-01/2020-10-01&f=json,https://data.usbr.gov/rise/api/result?locationId%5B%5D=397&parameterId%5B%5D=3&dateTime%5Bafter%5D=1990-09-30&dateTime%5Bbefore%5D=2020-10-01&itemsPerPage=15000,Reclamation,
Lilly Pad Diversion,Do Not Include,,Storage,0,--,,,,,,,0,,,,,,,,,,,,,,,,
Lima,Do Not Include,,Storage,0,398,,,,,,,,,,,,,,,,,,,,,,,
Little Beaver Creek Diversion,Do Not Include,,Storage,0,--,,,,,,,0,,,,,,,,,,,,,,,,
Little Hell Creek Diversion,Do Not Include,,Storage,0,--,,,,,,,0,,,,,,,,,,,,,,,,
Little Oso Diversion,Do Not Include,,Storage,0,--,,,,,,,0,,,,,,,,,,,,,,,,
Little Panoche,Do Not Include,,Storage,0,--,,,,,,5270,0,,,,,,,,,,,,,,,,
Little Robber,Do Not Include,,Storage,0,3709,,,,,,,,,,,,,,,,,,,,,,,
Little Sandy Diversion,Do Not Include,,Storage,0,--,,,,,,,0,,,,,,,,,,,,,,,,
Little Wood River,Include (Omit % Avg if needed),RISE,Storage,RISE,7202,https://api.wwdh.internetofwater.app/collections/rise-edr/locations/7202?limit=50000&datetime=1990-10-01/2020-10-01&f=json,USBR Enterprise Asset Registry,,,30000,30000,30000,Little Wood River,Little Wood River Reservoir (Little Wood River Dam),,,,,,Active,3,,30000,,https://api.wwdh.internetofwater.app/collections/rise-edr/locations/7202?parameter-name=3&limit=50000&datetime=1990-10-01/2020-10-01&f=json,https://data.usbr.gov/rise/api/result?locationId%5B%5D=7202&parameterId%5B%5D=3&dateTime%5Bafter%5D=1990-09-30&dateTime%5Bbefore%5D=2020-10-01&itemsPerPage=15000,Reclamation,
Livingston,Do Not Include,,Storage,0,3654,,,,,,,,,,,,,,,,,,,,,,,
Los Banos,Do Not Include,,Storage,0,--,,,,,,26300,0,,,,,,,,,,,,,,,,
Lost,Include (Omit % Avg),RISE,Storage,RISE,3209,https://api.wwdh.internetofwater.app/collections/rise-edr/locations/3209?limit=50000&datetime=1990-10-01/2020-10-01&f=json,USBR Enterprise Asset Registry,,,1155,1155,1155,Lost Lake,Lost Lake (Lost Lake Dam),,,,,,Live,3,,1155,,https://api.wwdh.internetofwater.app/collections/rise-edr/locations/3209?parameter-name=3&limit=50000&datetime=1990-10-01/2020-10-01&f=json,https://data.usbr.gov/rise/api/result?locationId%5B%5D=3209&parameterId%5B%5D=3&dateTime%5Bafter%5D=1990-09-30&dateTime%5Bbefore%5D=2020-10-01&itemsPerPage=15000,Reclamation,
Lost Creek,Include,RISE,Storage,RISE,400,https://api.wwdh.internetofwater.app/collections/rise-edr/locations/400?limit=50000&datetime=1990-10-01/2020-10-01&f=json,USBR Enterprise Asset Registry,,,22510,20010,22501,Lost Creek,Lost Creek Reservoir (Lost Creek Dam),,,,,,Live,3,,22501,,https://api.wwdh.internetofwater.app/collections/rise-edr/locations/400?parameter-name=3&limit=50000&datetime=1990-10-01/2020-10-01&f=json,https://data.usbr.gov/rise/api/result?locationId%5B%5D=400&parameterId%5B%5D=3&dateTime%5Bafter%5D=1990-09-30&dateTime%5Bbefore%5D=2020-10-01&itemsPerPage=15000,Reclamation,
Lost River,Do Not Include,,Storage,0,--,,,,,,750,750,,,,,,,,,,,,,,,,
Loutzenhizer Diversion,Do Not Include,,Storage,0,--,,,,,,,0,,,,,,,,,,,,,,,,
Lovewell,Include,RISE,Storage,RISE,404,https://api.wwdh.internetofwater.app/collections/rise-edr/locations/404?limit=50000&datetime=1990-10-01/2020-10-01&f=json,USBR Enterprise Asset Registry,GP Hydromet - LVKS,,86131,74487,84472,Lovewell,Lovewell Reservoir (Lovewell Dam),,,,,,Total,3,,35492,,https://api.wwdh.internetofwater.app/collections/rise-edr/locations/404?parameter-name=3&limit=50000&datetime=1990-10-01/2020-10-01&f=json,https://data.usbr.gov/rise/api/result?locationId%5B%5D=404&parameterId%5B%5D=3&dateTime%5Bafter%5D=1990-09-30&dateTime%5Bbefore%5D=2020-10-01&itemsPerPage=15000,Reclamation,
Lowell,Include (Omit % Avg if needed),RISE,Storage,RISE,7188,https://api.wwdh.internetofwater.app/collections/rise-edr/locations/7188?limit=50000&datetime=1990-10-01/2020-10-01&f=json,USBR Enterprise Asset Registry,,,173043,159365,165188,Lowell (Deer Flat Dam),Lake Lowell (Deer Flat Dam),,,,,,Active,3,,159365,,https://api.wwdh.internetofwater.app/collections/rise-edr/locations/7188?parameter-name=3&limit=50000&datetime=1990-10-01/2020-10-01&f=json,https://data.usbr.gov/rise/api/result?locationId%5B%5D=7188&parameterId%5B%5D=3&dateTime%5Bafter%5D=1990-09-30&dateTime%5Bbefore%5D=2020-10-01&itemsPerPage=15000,Reclamation,
Lower Yellowstone Diversion,Do Not Include,,Storage,0,--,,,,,,,0,,,,,,,,,,,,,,,,
Lucky Peak,Include if possible,https://water.usace.army.mil/cda/reporting/providers/nww/timeseries?name=LUC.Stor-Total.Inst.0.0.USBR-COMPUTED-REV&begin=2026-01-27T04:59:39.208Z&end=2026-02-03T04:59:39.208Z&format=csv,Storage,USACE,nww/LUC.Stor-Total.Inst.0.0.USBR-COMPUTED-REV,https://water.usace.army.mil/cda/reporting/providers/nww/timeseries?name=LUC.Stor-Total.Inst.0.0.USBR-COMPUTED-REV&begin=1990-10-01T00:00:00.000Z&end=2020-10-01T00:00:00.000Z&format=csv,USACE https://water.usace.army.mil/cda/documents/wc/3412/Boise%20WCM%202025%20Redacted.pdf Table 2-15,https://water.usace.army.mil/overview/nww/locations/luc,Use USACE Data,"307,043",,,Lucky Peak,Lucky Peak Reservoir (Lucky Peak Dam),,,,,,Total,,,,,https://api.wwdh.internetofwater.app/collections/usace-edr/locations/48176029?parameter-name=Conservation%20Storage&datetime=1990-10-01/2020-10-01&f=json,https://water.usace.army.mil/cda/reporting/providers/nww/timeseries?name=LUC.Stor-Total.Inst.0.0.USBR-COMPUTED-REV&begin=1990-10-01T00:00:00.000Z&end=2020-10-01T00:00:00.000Z&format=csv,USACE,
Madera Canal Equalization,Do Not Include,,Storage,0,--,,,,,,,0,,,,,,,,,,,,,,,,
Madera Diversion,Do Not Include,,Storage,0,--,,,,,,,0,,,,,,,,,,,,,,,,
Malone Diversion,Do Not Include,,Storage,0,--,,,,,,,600,,,,,,,,,,,,,,,,
Mancos Diversion,Do Not Include,,Storage,0,--,,,,,,,0,,,,,,,,,,,,,,,,
Mann,Include (Omit % Avg if needed),RISE,Storage,RISE,7198,https://api.wwdh.internetofwater.app/collections/rise-edr/locations/7198?limit=50000&datetime=1990-10-01/2020-10-01&f=json,USBR Enterprise Asset Registry,,,2440,2440,0,Mann (Reservoir A Dam),Mann Lake (Reservoir A Dam),,,,,,Active,3,,2440,,https://api.wwdh.internetofwater.app/collections/rise-edr/locations/7198?parameter-name=3&limit=50000&datetime=1990-10-01/2020-10-01&f=json,https://data.usbr.gov/rise/api/result?locationId%5B%5D=7198&parameterId%5B%5D=3&dateTime%5Bafter%5D=1990-09-30&dateTime%5Bbefore%5D=2020-10-01&itemsPerPage=15000,Reclamation,
Mann Creek,Include (Omit % Avg if needed),RISE,Storage,RISE,3663,https://api.wwdh.internetofwater.app/collections/rise-edr/locations/3663?limit=50000&datetime=1990-10-01/2020-10-01&f=json,USBR Enterprise Asset Registry,,,12536,10917,11141,Mann Creek,Mann Creek Reservoir (Mann Creek Dam),,,,,,Active,3,,10917,,https://api.wwdh.internetofwater.app/collections/rise-edr/locations/3663?parameter-name=3&limit=50000&datetime=1990-10-01/2020-10-01&f=json,https://data.usbr.gov/rise/api/result?locationId%5B%5D=3663&parameterId%5B%5D=3&dateTime%5Bafter%5D=1990-09-30&dateTime%5Bbefore%5D=2020-10-01&itemsPerPage=15000,Reclamation,
Marble Bluff,Do Not Include,,Storage,0,--,,,,,,,0,,,,,,,,,,,,,,,,
Martinez,Do Not Include,,Storage,0,--,,,,,,260,265,,,,,,,,,,,,,,,,
Marys,Include,RISE,Storage,RISE,1,https://api.wwdh.internetofwater.app/collections/rise-edr/locations/1?limit=50000&datetime=1990-10-01/2020-10-01&f=json,USBR Enterprise Asset Registry,https://www.usbr.gov/gp-bin/hydromet_dayfiles.pl,,927,547,885,Marys Lake (Marys Lake Dikes),Marys Lake (Marys Lake Dikes),,,,,,Total,3,,927,,https://api.wwdh.internetofwater.app/collections/rise-edr/locations/1?parameter-name=3&limit=50000&datetime=1990-10-01/2020-10-01&f=json,https://data.usbr.gov/rise/api/result?locationId%5B%5D=1&parameterId%5B%5D=3&dateTime%5Bafter%5D=1990-09-30&dateTime%5Bbefore%5D=2020-10-01&itemsPerPage=15000,Reclamation,
Mason,Include (Omit % Avg if needed),RISE,Storage,RISE,7195,https://api.wwdh.internetofwater.app/collections/rise-edr/locations/7195?limit=50000&datetime=1990-10-01/2020-10-01&f=json,USBR Enterprise Asset Registry,,,95500,90500,91990,Mason,Mason Reservoir (Mason Dam),,,,,,Active,3,,73500,,https://api.wwdh.internetofwater.app/collections/rise-edr/locations/7195?parameter-name=3&limit=50000&datetime=1990-10-01/2020-10-01&f=json,https://data.usbr.gov/rise/api/result?locationId%5B%5D=7195&parameterId%5B%5D=3&dateTime%5Bafter%5D=1990-09-30&dateTime%5Bbefore%5D=2020-10-01&itemsPerPage=15000,Reclamation,
Maxwell Canal Diversion,Do Not Include,,Storage,0,--,,,,,,,0,,,,,,,,,,,,,,,,
McGee Creek,Include,RISE,Storage,RISE,408,https://api.wwdh.internetofwater.app/collections/rise-edr/locations/408?limit=50000&datetime=1990-10-01/2020-10-01&f=json,USBR Enterprise Asset Registry,,,199276,193328,198833,McGee Creek,McGee Creek Reservoir (McGee Creek Dam),,,,,,Total,3,,109015,,https://api.wwdh.internetofwater.app/collections/rise-edr/locations/408?parameter-name=3&limit=50000&datetime=1990-10-01/2020-10-01&f=json,https://data.usbr.gov/rise/api/result?locationId%5B%5D=408&parameterId%5B%5D=3&dateTime%5Bafter%5D=1990-09-30&dateTime%5Bbefore%5D=2020-10-01&itemsPerPage=15000,Reclamation,
McKay,Include (Omit % Avg if needed),RISE,Storage,RISE,3664,https://api.wwdh.internetofwater.app/collections/rise-edr/locations/3664?limit=50000&datetime=1990-10-01/2020-10-01&f=json,USBR Enterprise Asset Registry,,,71534,71534,71534,McKay,McKay Reservoir (McKay Dam),,,,,,Active,3,,65534,,https://api.wwdh.internetofwater.app/collections/rise-edr/locations/3664?parameter-name=3&limit=50000&datetime=1990-10-01/2020-10-01&f=json,https://data.usbr.gov/rise/api/result?locationId%5B%5D=3664&parameterId%5B%5D=3&dateTime%5Bafter%5D=1990-09-30&dateTime%5Bbefore%5D=2020-10-01&itemsPerPage=15000,Reclamation,
McPhee,Include,RISE,Storage,RISE,410,https://api.wwdh.internetofwater.app/collections/rise-edr/locations/410?limit=50000&datetime=1990-10-01/2020-10-01&f=json,USBR Enterprise Asset Registry,,,381200,229200,381105,McPhee,McPhee Reservoir (McPhee Dam),,,,,,Total,3,,381200,,https://api.wwdh.internetofwater.app/collections/rise-edr/locations/410?parameter-name=3&limit=50000&datetime=1990-10-01/2020-10-01&f=json,https://data.usbr.gov/rise/api/result?locationId%5B%5D=410&parameterId%5B%5D=3&dateTime%5Bafter%5D=1990-09-30&dateTime%5Bbefore%5D=2020-10-01&itemsPerPage=15000,Reclamation,
Mead,Include,RISE,Storage,RISE,3514,https://api.wwdh.internetofwater.app/collections/rise-edr/locations/3514?limit=50000&datetime=1990-10-01/2020-10-01&f=json,USBR Enterprise Asset Registry,,,30167000,25614000,27620000,Mead (Hoover Dam),Lake Mead (Hoover Dam),,,,,,Live,3,,26120000,,https://api.wwdh.internetofwater.app/collections/rise-edr/locations/3514?parameter-name=3&limit=50000&datetime=1990-10-01/2020-10-01&f=json,https://data.usbr.gov/rise/api/result?locationId%5B%5D=3514&parameterId%5B%5D=3&dateTime%5Bafter%5D=1990-09-30&dateTime%5Bbefore%5D=2020-10-01&itemsPerPage=15000,Reclamation,
Meeks Cabin,Include,RISE,Storage,RISE,411,https://api.wwdh.internetofwater.app/collections/rise-edr/locations/411?limit=50000&datetime=1990-10-01/2020-10-01&f=json,USBR Enterprise Asset Registry,,,32470,29480,29870,Meeks Cabin,Meeks Cabin Reservoir (Meeks Cabin Dam),,,,,,Live,3,,29870,,https://api.wwdh.internetofwater.app/collections/rise-edr/locations/411?parameter-name=3&limit=50000&datetime=1990-10-01/2020-10-01&f=json,https://data.usbr.gov/rise/api/result?locationId%5B%5D=411&parameterId%5B%5D=3&dateTime%5Bafter%5D=1990-09-30&dateTime%5Bbefore%5D=2020-10-01&itemsPerPage=15000,Reclamation,
Meredith,Include if possible,RISE (Pending),Storage,RISE (Pending),7302,https://api.wwdh.internetofwater.app/collections/rise-edr/locations/7302?limit=50000&datetime=1990-10-01/2020-10-01&f=json,USBR Enterprise Asset Registry,GP Hydromet - SANFORD (has storage),Add Storage Data to RISE,1358594,1285151,1320180,Meredith (Sanford Dam),Lake Meredith (Sanford Dam),-101.5525,35.7142,,,,Total,3,,896458,,https://api.wwdh.internetofwater.app/collections/rise-edr/locations/7302?parameter-name=3&limit=50000&datetime=1990-10-01/2020-10-01&f=json,https://data.usbr.gov/rise/api/result?locationId%5B%5D=7302&parameterId%5B%5D=3&dateTime%5Bafter%5D=1990-09-30&dateTime%5Bbefore%5D=2020-10-01&itemsPerPage=15000,Reclamation,
Merritt,Include (Omit % Avg),RISE,Storage,RISE,418,https://api.wwdh.internetofwater.app/collections/rise-edr/locations/418?limit=50000&datetime=1990-10-01/2020-10-01&f=json,USBR Enterprise Asset Registry,GP Hydromet - MRNE,,66726,62064,65952,Merritt,Merritt Reservoir (Merritt Dam),,,,,,Total,3,,66726,,https://api.wwdh.internetofwater.app/collections/rise-edr/locations/418?parameter-name=3&limit=50000&datetime=1990-10-01/2020-10-01&f=json,https://data.usbr.gov/rise/api/result?locationId%5B%5D=418&parameterId%5B%5D=3&dateTime%5Bafter%5D=1990-09-30&dateTime%5Bbefore%5D=2020-10-01&itemsPerPage=15000,Reclamation,
Mesilla Diversion,Do Not Include,,Storage,0,--,,,,,,,0,,,,,,,,,,,,,,,,
Middle Cottonwood,Do Not Include,,Storage,0,--,,,,,,,0,,,,,,,,,,,,,,,,
Middle Cunningham Creek Diversion,Do Not Include,,Storage,0,--,,,,,,,0,,,,,,,,,,,,,,,,
Midway Creek Diversion,Do Not Include,,Storage,0,--,,,,,,,0,,,,,,,,,,,,,,,,
Miller Creek Diversion,Do Not Include,,Storage,0,--,,,,,,,0,,,,,,,,,,,,,,,,
Millerton,Include,RISE,Storage,RISE,413,https://api.wwdh.internetofwater.app/collections/rise-edr/locations/413?limit=50000&datetime=1990-10-01/2020-10-01&f=json,USBR Enterprise Asset Registry,,,520500,433800,503100,Millerton (Friant Dam),Millerton Lake (Friant Dam),,,,,,Total,3,,520500,,https://api.wwdh.internetofwater.app/collections/rise-edr/locations/413?parameter-name=3&limit=50000&datetime=1990-10-01/2020-10-01&f=json,https://data.usbr.gov/rise/api/result?locationId%5B%5D=413&parameterId%5B%5D=3&dateTime%5Bafter%5D=1990-09-30&dateTime%5Bbefore%5D=2020-10-01&itemsPerPage=15000,Reclamation,
Milner,Do Not Include,,Storage,0,7190,,,,,,,,,,,,,,,,,,,,,,,
Minatare,Include,RISE,Storage,RISE,399,https://api.wwdh.internetofwater.app/collections/rise-edr/locations/399?limit=50000&datetime=1990-10-01/2020-10-01&f=json,USBR Enterprise Asset Registry,,,58795,58697,58697,Minatare,Lake Minatare (Minatare Dam),,,,,,Total,3,,58795,,https://api.wwdh.internetofwater.app/collections/rise-edr/locations/399?parameter-name=3&limit=50000&datetime=1990-10-01/2020-10-01&f=json,https://data.usbr.gov/rise/api/result?locationId%5B%5D=399&parameterId%5B%5D=3&dateTime%5Bafter%5D=1990-09-30&dateTime%5Bbefore%5D=2020-10-01&itemsPerPage=15000,Reclamation,
Mohave,Include,RISE,Storage,RISE,3513,https://api.wwdh.internetofwater.app/collections/rise-edr/locations/3513?limit=50000&datetime=1990-10-01/2020-10-01&f=json,USBR Enterprise Asset Registry,,,1887167,1592300,1873648,Mohave (Davis Dam),Lake Mohave (Davis Dam),,,,,,Live,3,,1873648,,https://api.wwdh.internetofwater.app/collections/rise-edr/locations/3513?parameter-name=3&limit=50000&datetime=1990-10-01/2020-10-01&f=json,https://data.usbr.gov/rise/api/result?locationId%5B%5D=3513&parameterId%5B%5D=3&dateTime%5Bafter%5D=1990-09-30&dateTime%5Bbefore%5D=2020-10-01&itemsPerPage=15000,Reclamation,
Molina Equalizing,Do Not Include,,Storage,0,--,,,,,,,0,,,,,,,,,,,,,,,,
Montrose & Delta Diversion,Do Not Include,,Storage,0,--,,,,,,,0,,,,,,,,,,,,,,,,
Moon,Include,RISE,Storage,RISE,416,https://api.wwdh.internetofwater.app/collections/rise-edr/locations/416?limit=50000&datetime=1990-10-01/2020-10-01&f=json,USBR Enterprise Asset Registry,,,53633,37848,37848,Moon Lake,Moon Lake (Moon Lake Dam),,,,,,Live,3,,37848,,https://api.wwdh.internetofwater.app/collections/rise-edr/locations/416?parameter-name=3&limit=50000&datetime=1990-10-01/2020-10-01&f=json,https://data.usbr.gov/rise/api/result?locationId%5B%5D=416&parameterId%5B%5D=3&dateTime%5Bafter%5D=1990-09-30&dateTime%5Bbefore%5D=2020-10-01&itemsPerPage=15000,Reclamation,
Mormon Creek Diversion,Do Not Include,,Storage,0,--,,,,,,,0,,,,,,,,,,,,,,,,
Morrow Point,Include,RISE,Storage,RISE,417,https://api.wwdh.internetofwater.app/collections/rise-edr/locations/417?limit=50000&datetime=1990-10-01/2020-10-01&f=json,USBR Enterprise Asset Registry,,,117190,42120,117025,Morrow Point,Morrow Point Reservoir (Morrow Point Dam),,,,,,Live,3,,117025,,https://api.wwdh.internetofwater.app/collections/rise-edr/locations/417?parameter-name=3&limit=50000&datetime=1990-10-01/2020-10-01&f=json,https://data.usbr.gov/rise/api/result?locationId%5B%5D=417&parameterId%5B%5D=3&dateTime%5Bafter%5D=1990-09-30&dateTime%5Bbefore%5D=2020-10-01&itemsPerPage=15000,Reclamation,
Moses,Do Not Include,,Storage,0,--,,,,,,,0,,,,,,,,,,,,,,,,
Mt. Elbert Forebay,Include (Omit % Avg),RISE,Storage,RISE,419,https://api.wwdh.internetofwater.app/collections/rise-edr/locations/419?limit=50000&datetime=1990-10-01/2020-10-01&f=json,USBR Enterprise Asset Registry,,,11143,7318,10582,Mt. Elbert Forebay,Mt. Elbert Forebay (Mt. Elbert Forebay Dam),,,,,,Total,3,,11143,,https://api.wwdh.internetofwater.app/collections/rise-edr/locations/419?parameter-name=3&limit=50000&datetime=1990-10-01/2020-10-01&f=json,https://data.usbr.gov/rise/api/result?locationId%5B%5D=419&parameterId%5B%5D=3&dateTime%5Bafter%5D=1990-09-30&dateTime%5Bbefore%5D=2020-10-01&itemsPerPage=15000,Reclamation,
Nambe Falls,Include,RISE,Storage,RISE,3511,https://api.wwdh.internetofwater.app/collections/rise-edr/locations/3511?limit=50000&datetime=1990-10-01/2020-10-01&f=json,USBR Enterprise Asset Registry,,,1729,1548,1729,Nambe Falls,Nambe Falls Reservoir (Nambe Falls Dam),,,,,,Total,3,,1642,,https://api.wwdh.internetofwater.app/collections/rise-edr/locations/3511?parameter-name=3&limit=50000&datetime=1990-10-01/2020-10-01&f=json,https://data.usbr.gov/rise/api/result?locationId%5B%5D=3511&parameterId%5B%5D=3&dateTime%5Bafter%5D=1990-09-30&dateTime%5Bbefore%5D=2020-10-01&itemsPerPage=15000,Reclamation,
Nasworthy,Include if possible,RISE,Storage,RISE,421,https://api.wwdh.internetofwater.app/collections/rise-edr/locations/421?limit=50000&datetime=1990-10-01/2020-10-01&f=json,TBD,storage data in RISE. Need capacity,Get capacity,--,,,Nasworthy,Lake Nasworthy (Nasworthy Dam),,,,,,Total,3,,,,https://api.wwdh.internetofwater.app/collections/rise-edr/locations/421?parameter-name=3&limit=50000&datetime=1990-10-01/2020-10-01&f=json,https://data.usbr.gov/rise/api/result?locationId%5B%5D=421&parameterId%5B%5D=3&dateTime%5Bafter%5D=1990-09-30&dateTime%5Bbefore%5D=2020-10-01&itemsPerPage=15000,City of San Angelo,
Natoma,Include,RISE,Storage,RISE,422,https://api.wwdh.internetofwater.app/collections/rise-edr/locations/422?limit=50000&datetime=1990-10-01/2020-10-01&f=json,USBR Enterprise Asset Registry,,,8760,2800,6960,Natoma (Nimbus Dam),Lake Natoma (Nimbus Dam),,,,,,Total,3,,8760,,https://api.wwdh.internetofwater.app/collections/rise-edr/locations/422?parameter-name=3&limit=50000&datetime=1990-10-01/2020-10-01&f=json,https://data.usbr.gov/rise/api/result?locationId%5B%5D=422&parameterId%5B%5D=3&dateTime%5Bafter%5D=1990-09-30&dateTime%5Bbefore%5D=2020-10-01&itemsPerPage=15000,Reclamation,
Navajo,Include,RISE,Storage,RISE,423,https://api.wwdh.internetofwater.app/collections/rise-edr/locations/423?limit=50000&datetime=1990-10-01/2020-10-01&f=json,USBR Enterprise Asset Registry,,,1713900,1039500,1701300,Navajo,Navajo Reservoir (Navajo Dam),,,,,,Total,3,,1713900,,https://api.wwdh.internetofwater.app/collections/rise-edr/locations/423?parameter-name=3&limit=50000&datetime=1990-10-01/2020-10-01&f=json,https://data.usbr.gov/rise/api/result?locationId%5B%5D=423&parameterId%5B%5D=3&dateTime%5Bafter%5D=1990-09-30&dateTime%5Bbefore%5D=2020-10-01&itemsPerPage=15000,Reclamation,
Nelson,Include,RISE,Storage,RISE,424,https://api.wwdh.internetofwater.app/collections/rise-edr/locations/424?limit=50000&datetime=1990-10-01/2020-10-01&f=json,USBR Enterprise Asset Registry,,,78950,60810,60810,Nelson (Nelson Dikes),Nelson Reservoir (Nelson Dikes),,,,,,Total,3,,78950,,https://api.wwdh.internetofwater.app/collections/rise-edr/locations/424?parameter-name=3&limit=50000&datetime=1990-10-01/2020-10-01&f=json,https://data.usbr.gov/rise/api/result?locationId%5B%5D=424&parameterId%5B%5D=3&dateTime%5Bafter%5D=1990-09-30&dateTime%5Bbefore%5D=2020-10-01&itemsPerPage=15000,Reclamation,
New Johns,Do Not Include,,Storage,0,--,,,,,,,0,,,,,,,,,,,,,,,,
New Melones,Include,RISE,Storage,RISE,3204,https://api.wwdh.internetofwater.app/collections/rise-edr/locations/3204?limit=50000&datetime=1990-10-01/2020-10-01&f=json,USBR Enterprise Asset Registry,,,2400000,,0,New Melones,New Melones Lake (New Melones Dam),,,,,,Total,3,,2400000,,https://api.wwdh.internetofwater.app/collections/rise-edr/locations/3204?parameter-name=3&limit=50000&datetime=1990-10-01/2020-10-01&f=json,https://data.usbr.gov/rise/api/result?locationId%5B%5D=3204&parameterId%5B%5D=3&dateTime%5Bafter%5D=1990-09-30&dateTime%5Bbefore%5D=2020-10-01&itemsPerPage=15000,Reclamation,
Newton,Include,RISE,Storage,RISE,425,https://api.wwdh.internetofwater.app/collections/rise-edr/locations/425?limit=50000&datetime=1990-10-01/2020-10-01&f=json,USBR Enterprise Asset Registry,,,5594,5374,5374,Newton,Newton Reservoir (Newton Dam),,,,,,Live,3,,5374,,https://api.wwdh.internetofwater.app/collections/rise-edr/locations/425?parameter-name=3&limit=50000&datetime=1990-10-01/2020-10-01&f=json,https://data.usbr.gov/rise/api/result?locationId%5B%5D=425&parameterId%5B%5D=3&dateTime%5Bafter%5D=1990-09-30&dateTime%5Bbefore%5D=2020-10-01&itemsPerPage=15000,Reclamation,
Nighthorse,Include (Omit % Avg),RISE,Storage,RISE,392,https://api.wwdh.internetofwater.app/collections/rise-edr/locations/392?limit=50000&datetime=1990-10-01/2020-10-01&f=json,USBR Enterprise Asset Registry,,,123541,93541,115074,Nighthorse (Ridges Basin Dam),Lake Nighthorse (Ridges Basin Dam),,,,,,Total,3,,123541,,https://api.wwdh.internetofwater.app/collections/rise-edr/locations/392?parameter-name=3&limit=50000&datetime=1990-10-01/2020-10-01&f=json,https://data.usbr.gov/rise/api/result?locationId%5B%5D=392&parameterId%5B%5D=3&dateTime%5Bafter%5D=1990-09-30&dateTime%5Bbefore%5D=2020-10-01&itemsPerPage=15000,Reclamation,
No Name Creek Diversion,Do Not Include,,Storage,0,--,,,,,,,0,,,,,,,,,,,,,,,,
North Cunningham Creek Diversion,Do Not Include,,Storage,0,--,,,,,,,0,,,,,,,,,,,,,,,,
North Fork Diversion,Do Not Include,,Storage,0,--,,,,,,,0,,,,,,,,,,,,,,,,
North Fork Salmon Creek Diversion,Do Not Include,,Storage,0,--,,,,,,,0,,,,,,,,,,,,,,,,
Northside Diversion,Do Not Include,,Storage,0,--,,,,,,,0,,,,,,,,,,,,,,,,
O'Neill Forebay,Do Not Include,,Storage,0,--,,,,,,20794,53752,,,,,,,,,,,,,,,,
Oak Street Diversion,Do Not Include,,Storage,0,--,,,,,,,0,,,,,,,,,,,,,,,,
Ochoco,Include (Omit % Avg if needed),RISE,Storage,RISE,3665,https://api.wwdh.internetofwater.app/collections/rise-edr/locations/3665?limit=50000&datetime=1990-10-01/2020-10-01&f=json,USBR Enterprise Asset Registry,,,44248,44214,44214,Ochoco,Ochoco Reservoir (Ochoco Dam),,,,,,Active,3,,44214,,https://api.wwdh.internetofwater.app/collections/rise-edr/locations/3665?parameter-name=3&limit=50000&datetime=1990-10-01/2020-10-01&f=json,https://data.usbr.gov/rise/api/result?locationId%5B%5D=3665&parameterId%5B%5D=3&dateTime%5Bafter%5D=1990-09-30&dateTime%5Bbefore%5D=2020-10-01&itemsPerPage=15000,Reclamation,
Ogden Valley Diversion,Do Not Include,,Storage,0,--,,,,,,,0,,,,,,,,,,,,,,,,
Ogden-Brigham Equalizing Reservoir 2,Do Not Include,,Storage,0,--,,,,,,,0,,,,,,,,,,,,,,,,
Ogden-Brigham Wasteway Reservoir 2,Do Not Include,,Storage,0,--,,,,,,,0,,,,,,,,,,,,,,,,
Ogden-Brigham Wasteway Reservoir 3,Do Not Include,,Storage,0,--,,,,,,,0,,,,,,,,,,,,,,,,
Ogden-Brigham Wasteway Reservoir 4,Do Not Include,,Storage,0,--,,,,,,,0,,,,,,,,,,,,,,,,
Ogden-Brigham Wasteway Reservoir 5,Do Not Include,,Storage,0,--,,,,,,,0,,,,,,,,,,,,,,,,
Ogden-Brigham Wasteway Reservoir 6,Do Not Include,,Storage,0,--,,,,,,,0,,,,,,,,,,,,,,,,
Old River,Do Not Include,,Storage,0,--,,,,,,,0,,,,,,,,,,,,,,,,
Oles Pond,Do Not Include,,Storage,0,--,,,,,,,0,,,,,,,,,,,,,,,,
Olmsted Diversion,Do Not Include,,Storage,0,--,,,,,,,0,,,,,,,,,,,,,,,,
OMID Regulating,Do Not Include,,Storage,0,--,,,,,,,0,,,,,,,,,,,,,,,,
Oroville,Do Not Include,,Storage,0,3200,,,,,,,,,,,,,,,,,,,,,,,
Ortega,Do Not Include,,Storage,0,--,,,,,,60,0,,,,,,,,,,,,,,,,
Oso Diversion,Do Not Include,,Storage,0,--,,,,,,,0,,,,,,,,,,,,,,,,
Owyhee,Include (Omit % Avg if needed),RISE,Storage,RISE,7192,https://api.wwdh.internetofwater.app/collections/rise-edr/locations/7192?limit=50000&datetime=1990-10-01/2020-10-01&f=json,USBR Enterprise Asset Registry,,,1120000,715000,1120000,Owyhee,Lake Owyhee (Owyhee Dam),,,,,,Active,3,,715000,,https://api.wwdh.internetofwater.app/collections/rise-edr/locations/7192?parameter-name=3&limit=50000&datetime=1990-10-01/2020-10-01&f=json,https://data.usbr.gov/rise/api/result?locationId%5B%5D=7192&parameterId%5B%5D=3&dateTime%5Bafter%5D=1990-09-30&dateTime%5Bbefore%5D=2020-10-01&itemsPerPage=15000,Reclamation,
Pactola,Include,RISE,Storage,RISE,444,https://api.wwdh.internetofwater.app/collections/rise-edr/locations/444?limit=50000&datetime=1990-10-01/2020-10-01&f=json,USBR Enterprise Asset Registry,,,99029,98012,98907,Pactola,Pactola Reservoir (Pactola Dam),,,,,,Active,3,Yes,54955,,https://api.wwdh.internetofwater.app/collections/rise-edr/locations/444?parameter-name=3&limit=50000&datetime=1990-10-01/2020-10-01&f=json,https://data.usbr.gov/rise/api/result?locationId%5B%5D=444&parameterId%5B%5D=3&dateTime%5Bafter%5D=1990-09-30&dateTime%5Bbefore%5D=2020-10-01&itemsPerPage=15000,Reclamation,
Palisades,Include (Omit % Avg if needed),RISE,Storage,RISE,7193,https://api.wwdh.internetofwater.app/collections/rise-edr/locations/7193?limit=50000&datetime=1990-10-01/2020-10-01&f=json,USBR Enterprise Asset Registry,,,1402000,1200000,1358000,Palisades,Palisades Reservoir (Palisades Dam),,,,,,Active,3,,1200000,,https://api.wwdh.internetofwater.app/collections/rise-edr/locations/7193?parameter-name=3&limit=50000&datetime=1990-10-01/2020-10-01&f=json,https://data.usbr.gov/rise/api/result?locationId%5B%5D=7193&parameterId%5B%5D=3&dateTime%5Bafter%5D=1990-09-30&dateTime%5Bbefore%5D=2020-10-01&itemsPerPage=15000,Reclamation,
Paonia,Include,RISE,Storage,RISE,431,https://api.wwdh.internetofwater.app/collections/rise-edr/locations/431?limit=50000&datetime=1990-10-01/2020-10-01&f=json,USBR Enterprise Asset Registry,,,15522,15514,15522,Paonia,Paonia Reservoir (Paonia Dam),,,,,,Total,3,,15120,,https://api.wwdh.internetofwater.app/collections/rise-edr/locations/431?parameter-name=3&limit=50000&datetime=1990-10-01/2020-10-01&f=json,https://data.usbr.gov/rise/api/result?locationId%5B%5D=431&parameterId%5B%5D=3&dateTime%5Bafter%5D=1990-09-30&dateTime%5Bbefore%5D=2020-10-01&itemsPerPage=15000,Reclamation,
Paradise Diversion,Do Not Include,,Storage,0,--,,,,,,,0,,,,,,,,,,,,,,,,
Park Creek Diversion,Do Not Include,,Storage,0,--,,,,,,,0,,,,,,,,,,,,,,,,
Pathfinder,Include,RISE,Storage,RISE,433,https://api.wwdh.internetofwater.app/collections/rise-edr/locations/433?limit=50000&datetime=1990-10-01/2020-10-01&f=json,USBR Enterprise Asset Registry,,,1070185,1038780,1070178,Pathfinder,Pathfinder Reservoir (Pathfinder Dam),,,,,,Total,3,,1070185,,https://api.wwdh.internetofwater.app/collections/rise-edr/locations/433?parameter-name=3&limit=50000&datetime=1990-10-01/2020-10-01&f=json,https://data.usbr.gov/rise/api/result?locationId%5B%5D=433&parameterId%5B%5D=3&dateTime%5Bafter%5D=1990-09-30&dateTime%5Bbefore%5D=2020-10-01&itemsPerPage=15000,Reclamation,
Payette,Do Not Include,,Storage,0,7194,,,,,,,,,,,,,,,,,,,,,,,
Percha Arroyo Diversion,Do Not Include,,Storage,0,--,,,,,,,0,,,,,,,,,,,,,,,,
Percha Diversion,Do Not Include,,Storage,0,--,,,,,,,0,,,,,,,,,,,,,,,,
Phoenix Canal Diversion,Do Not Include,,Storage,0,--,,,,,,,0,,,,,,,,,,,,,,,,
Pilot Butte,Include,RISE,Storage,RISE,435,https://api.wwdh.internetofwater.app/collections/rise-edr/locations/435?limit=50000&datetime=1990-10-01/2020-10-01&f=json,USBR Enterprise Asset Registry,,,33721,29918,31073,Pilot Butte,Pilot Butte Reservoir (Pilot Butte Dam),,,,,,Total,3,,33721,,https://api.wwdh.internetofwater.app/collections/rise-edr/locations/435?parameter-name=3&limit=50000&datetime=1990-10-01/2020-10-01&f=json,https://data.usbr.gov/rise/api/result?locationId%5B%5D=435&parameterId%5B%5D=3&dateTime%5Bafter%5D=1990-09-30&dateTime%5Bbefore%5D=2020-10-01&itemsPerPage=15000,Reclamation,
Pineview,Include,RISE,Storage,RISE,437,https://api.wwdh.internetofwater.app/collections/rise-edr/locations/437?limit=50000&datetime=1990-10-01/2020-10-01&f=json,USBR Enterprise Asset Registry,,,110150,110149,110149,Pineview,Pineview Reservoir (Pineview Dam),,,,,,Live,3,,110149,,https://api.wwdh.internetofwater.app/collections/rise-edr/locations/437?parameter-name=3&limit=50000&datetime=1990-10-01/2020-10-01&f=json,https://data.usbr.gov/rise/api/result?locationId%5B%5D=437&parameterId%5B%5D=3&dateTime%5Bafter%5D=1990-09-30&dateTime%5Bbefore%5D=2020-10-01&itemsPerPage=15000,Reclamation,
Pinewood,Include,RISE,Storage,RISE,438,https://api.wwdh.internetofwater.app/collections/rise-edr/locations/438?limit=50000&datetime=1990-10-01/2020-10-01&f=json,USBR Enterprise Asset Registry,,,2104,1561,1754,Pinewood (Rattlesnake Dam),Pinewood Lake (Rattlesnake Dam),,,,,,Total,3,,2104,,https://api.wwdh.internetofwater.app/collections/rise-edr/locations/438?parameter-name=3&limit=50000&datetime=1990-10-01/2020-10-01&f=json,https://data.usbr.gov/rise/api/result?locationId%5B%5D=438&parameterId%5B%5D=3&dateTime%5Bafter%5D=1990-09-30&dateTime%5Bbefore%5D=2020-10-01&itemsPerPage=15000,Reclamation,
Pishkun,Include,RISE,Storage,RISE,443,https://api.wwdh.internetofwater.app/collections/rise-edr/locations/443?limit=50000&datetime=1990-10-01/2020-10-01&f=json,USBR Enterprise Asset Registry,,,46694,30686,30686,Pishkun (Pishkun Dikes),Pishkun Reservoir (Pishkun Dikes),,,,,,Total,3,,46694,,https://api.wwdh.internetofwater.app/collections/rise-edr/locations/443?parameter-name=3&limit=50000&datetime=1990-10-01/2020-10-01&f=json,https://data.usbr.gov/rise/api/result?locationId%5B%5D=443&parameterId%5B%5D=3&dateTime%5Bafter%5D=1990-09-30&dateTime%5Bbefore%5D=2020-10-01&itemsPerPage=15000,Reclamation,
Platoro,Include (Omit % Avg),RISE,Storage,RISE,3512,https://api.wwdh.internetofwater.app/collections/rise-edr/locations/3512?limit=50000&datetime=1990-10-01/2020-10-01&f=json,USBR Enterprise Asset Registry,,,59571,59571,59571,Platoro,Platoro Reservoir (Platoro Dam),,,,,,Total,3,,53570,,https://api.wwdh.internetofwater.app/collections/rise-edr/locations/3512?parameter-name=3&limit=50000&datetime=1990-10-01/2020-10-01&f=json,https://data.usbr.gov/rise/api/result?locationId%5B%5D=3512&parameterId%5B%5D=3&dateTime%5Bafter%5D=1990-09-30&dateTime%5Bbefore%5D=2020-10-01&itemsPerPage=15000,Reclamation,
Pleasant,Do Not Include,,Storage,0,--,,,,,,811784,811784,,,,,,,,,,,,,,,,
Pole Hill Afterbay,Do Not Include,,Storage,0,--,,,,,,,0,,,,,,,,,,,,,,,,
Pole Hill Creek Diversion,Do Not Include,,Storage,0,--,,,,,,,0,,,,,,,,,,,,,,,,
Potholes,Include (Omit % Avg if needed),RISE,Storage,RISE,7265,https://api.wwdh.internetofwater.app/collections/rise-edr/locations/7265?limit=50000&datetime=1990-10-01/2020-10-01&f=json,USBR Enterprise Asset Registry,,,511700,332200,332200,Potholes (O'Sullivan Dam),Potholes Reservoir (O'Sullivan Dam),,,,,,Active,3,,332200,,https://api.wwdh.internetofwater.app/collections/rise-edr/locations/7265?parameter-name=3&limit=50000&datetime=1990-10-01/2020-10-01&f=json,https://data.usbr.gov/rise/api/result?locationId%5B%5D=7265&parameterId%5B%5D=3&dateTime%5Bafter%5D=1990-09-30&dateTime%5Bbefore%5D=2020-10-01&itemsPerPage=15000,Reclamation,
Powell,Include,RISE,Storage,RISE,393,https://api.wwdh.internetofwater.app/collections/rise-edr/locations/393?limit=50000&datetime=1990-10-01/2020-10-01&f=json,USBR Enterprise Asset Registry,,,26215000,20325000,24322000,Powell (Glen Canyon Dam),Lake Powell (Glen Canyon Dam),,,,,,Total,3,,26215000,,https://api.wwdh.internetofwater.app/collections/rise-edr/locations/393?parameter-name=3&limit=50000&datetime=1990-10-01/2020-10-01&f=json,https://data.usbr.gov/rise/api/result?locationId%5B%5D=393&parameterId%5B%5D=3&dateTime%5Bafter%5D=1990-09-30&dateTime%5Bbefore%5D=2020-10-01&itemsPerPage=15000,Reclamation,
Power Canal Diversion,Do Not Include,,Storage,0,--,,,,,,,0,,,,,,,,,,,,,,,,
Prineville,Include (Omit % Avg if needed),RISE,Storage,RISE,3666,https://api.wwdh.internetofwater.app/collections/rise-edr/locations/3666?limit=50000&datetime=1990-10-01/2020-10-01&f=json,USBR Enterprise Asset Registry,,,150216,148633,148917,Prineville (Arthur R. Bowman Dam),Prineville Reservoir (Arthur R. Bowman Dam),,,,,,Active,3,,148633,,https://api.wwdh.internetofwater.app/collections/rise-edr/locations/3666?parameter-name=3&limit=50000&datetime=1990-10-01/2020-10-01&f=json,https://data.usbr.gov/rise/api/result?locationId%5B%5D=3666&parameterId%5B%5D=3&dateTime%5Bafter%5D=1990-09-30&dateTime%5Bbefore%5D=2020-10-01&itemsPerPage=15000,Reclamation,
Prosser Creek,Include if possible,USGS Prosser C Res NR Truckee CA - USGS-10340300,Storage,USGS,10340300,https://api.waterdata.usgs.gov/ogcapi/v0/collections/daily/items?f=json&monitoring_location_id=USGS-10340300&parameter_code=00054&time=1990-10-01/2020-09-30&limit=50000,USBR Enterprise Asset Registry,Prosser C Res NR Truckee CA - USGS-10340300;  https://www.troa.net/tis/,Use USGS Data,29840,28640,29757,Prosser Creek,Prosser Creek Reservoir (Prosser Creek Dam),-120.1386,39.3789,,,,Total,,,29840,,,https://api.waterdata.usgs.gov/ogcapi/v0/collections/daily/items?f=json&monitoring_location_id=USGS-10340300&parameter_code=00054&time=1990-10-01/2020-09-30&limit=50000,Reclamation,
Prosser Diversion,Do Not Include,,Storage,0,--,,,,,,,0,,,,,,,,,,,,,,,,
Pueblo,Include,RISE,Storage,RISE,445,https://api.wwdh.internetofwater.app/collections/rise-edr/locations/445?limit=50000&datetime=1990-10-01/2020-10-01&f=json,USBR Enterprise Asset Registry,,,338374,312773,336479,Pueblo,Pueblo Reservoir (Pueblo Dam),,,,,,Total,3,,338374,,https://api.wwdh.internetofwater.app/collections/rise-edr/locations/445?parameter-name=3&limit=50000&datetime=1990-10-01/2020-10-01&f=json,https://data.usbr.gov/rise/api/result?locationId%5B%5D=445&parameterId%5B%5D=3&dateTime%5Bafter%5D=1990-09-30&dateTime%5Bbefore%5D=2020-10-01&itemsPerPage=15000,Reclamation,
Putah Diversion,Do Not Include,,Storage,0,--,,,,,,,0,,,,,,,,,,,,,,,,
Rainbow Diversion,Do Not Include,,Storage,0,--,,,,,,,0,,,,,,,,,,,,,,,,
Ralston,Do Not Include,,Storage,0,--,,,,,,,0,,,,,,,,,,,,,,,,
Reach 11 Detention Dike,Do Not Include,,Storage,0,--,,,,,,,0,,,,,,,,,,,,,,,,
Red Fleet,Include,RISE,Storage,RISE,447,https://api.wwdh.internetofwater.app/collections/rise-edr/locations/447?limit=50000&datetime=1990-10-01/2020-10-01&f=json,USBR Enterprise Asset Registry,,,26000,22000,25700,Red Fleet,Red Fleet Reservoir (Red Fleet Dam),,,,,,Live,3,,25700,,https://api.wwdh.internetofwater.app/collections/rise-edr/locations/447?parameter-name=3&limit=50000&datetime=1990-10-01/2020-10-01&f=json,https://data.usbr.gov/rise/api/result?locationId%5B%5D=447&parameterId%5B%5D=3&dateTime%5Bafter%5D=1990-09-30&dateTime%5Bbefore%5D=2020-10-01&itemsPerPage=15000,Reclamation,
Red Willow Creek Diversion,Do Not Include,,Storage,0,--,,,"GP Hydromet - RWNE (canal gage, no storage, gage height only)",,,,0,,,,,,,,,,,,,,,,
Ridgway,Include,RISE,Storage,RISE,448,https://api.wwdh.internetofwater.app/collections/rise-edr/locations/448?limit=50000&datetime=1990-10-01/2020-10-01&f=json,USBR Enterprise Asset Registry,,,84410,59396,82980,Ridgway,Ridgway Reservoir (Ridgway Dam),,,,,,Total,3,,84410,,https://api.wwdh.internetofwater.app/collections/rise-edr/locations/448?parameter-name=3&limit=50000&datetime=1990-10-01/2020-10-01&f=json,https://data.usbr.gov/rise/api/result?locationId%5B%5D=448&parameterId%5B%5D=3&dateTime%5Bafter%5D=1990-09-30&dateTime%5Bbefore%5D=2020-10-01&itemsPerPage=15000,Reclamation,
Rifle Gap,Include if possible,RISE (Pending),Storage,RISE (Pending),7326,https://api.wwdh.internetofwater.app/collections/rise-edr/locations/7326?limit=50000&datetime=1990-10-01/2020-10-01&f=json,USBR Enterprise Asset Registry,https://www.usbr.gov/uc/water/hydrodata/reservoir_data/961/dashboard.html#storage/,Add Storage Data to RISE,13602,12168,12708,Rifle Gap,Rifle Gap Reservoir (Rifle Gap Dam),-107.7595,39.6279,,,,Total,3,,13602,,https://api.wwdh.internetofwater.app/collections/rise-edr/locations/7326?parameter-name=3&limit=50000&datetime=1990-10-01/2020-10-01&f=json,https://data.usbr.gov/rise/api/result?locationId%5B%5D=7326&parameterId%5B%5D=3&dateTime%5Bafter%5D=1990-09-30&dateTime%5Bbefore%5D=2020-10-01&itemsPerPage=15000,Reclamation,
Rimrock,Include (Omit % Avg if needed),RISE,Storage,RISE,7196,https://api.wwdh.internetofwater.app/collections/rise-edr/locations/7196?limit=50000&datetime=1990-10-01/2020-10-01&f=json,USBR Enterprise Asset Registry,,,198000,198000,0,Rimrock (Tieton Dam),Rimrock Lake (Tieton Dam),,,,,,Active,3,,198000,,https://api.wwdh.internetofwater.app/collections/rise-edr/locations/7196?parameter-name=3&limit=50000&datetime=1990-10-01/2020-10-01&f=json,https://data.usbr.gov/rise/api/result?locationId%5B%5D=7196&parameterId%5B%5D=3&dateTime%5Bafter%5D=1990-09-30&dateTime%5Bbefore%5D=2020-10-01&itemsPerPage=15000,Reclamation,
Ririe,Include (Omit % Avg if needed),RISE,Storage,RISE,7197,https://api.wwdh.internetofwater.app/collections/rise-edr/locations/7197?limit=50000&datetime=1990-10-01/2020-10-01&f=json,USBR Enterprise Asset Registry,,,100500,90500,96500,Ririe,Ririe Reservoir (Ririe Dam),,,,,,Active,3,,80500,,https://api.wwdh.internetofwater.app/collections/rise-edr/locations/7197?parameter-name=3&limit=50000&datetime=1990-10-01/2020-10-01&f=json,https://data.usbr.gov/rise/api/result?locationId%5B%5D=7197&parameterId%5B%5D=3&dateTime%5Bafter%5D=1990-09-30&dateTime%5Bbefore%5D=2020-10-01&itemsPerPage=15000,Reclamation,
Robles-Casitas Diversion,Do Not Include,,Storage,0,--,,,,,,,0,,,,,,,,,,,,,,,,
Rockport,Include,RISE,Storage,RISE,453,https://api.wwdh.internetofwater.app/collections/rise-edr/locations/453?limit=50000&datetime=1990-10-01/2020-10-01&f=json,USBR Enterprise Asset Registry,,,62120,55179,61274,Rockport (Wanship Dam),Rockport Lake (Wanship Dam),,,,,,Live,3,,60860,,https://api.wwdh.internetofwater.app/collections/rise-edr/locations/453?parameter-name=3&limit=50000&datetime=1990-10-01/2020-10-01&f=json,https://data.usbr.gov/rise/api/result?locationId%5B%5D=453&parameterId%5B%5D=3&dateTime%5Bafter%5D=1990-09-30&dateTime%5Bbefore%5D=2020-10-01&itemsPerPage=15000,Reclamation,
Roza Diversion,Do Not Include,,Storage,0,--,,,,,,,0,,,,,,,,,,,,,,,,
Rubber Detention Dam,Do Not Include,,Storage,0,--,,,,,,,0,,,,,,,,,,,,,,,,
Ruedi,Include,RISE,Storage,RISE,456,https://api.wwdh.internetofwater.app/collections/rise-edr/locations/456?limit=50000&datetime=1990-10-01/2020-10-01&f=json,USBR Enterprise Asset Registry,,,102373,101278,102310,Ruedi,Ruedi Reservoir (Ruedi Dam),,,,,,Total,3,,102373,,https://api.wwdh.internetofwater.app/collections/rise-edr/locations/456?parameter-name=3&limit=50000&datetime=1990-10-01/2020-10-01&f=json,https://data.usbr.gov/rise/api/result?locationId%5B%5D=456&parameterId%5B%5D=3&dateTime%5Bafter%5D=1990-09-30&dateTime%5Bbefore%5D=2020-10-01&itemsPerPage=15000,Reclamation,
S Line,Do Not Include,,Storage,0,--,,,,,,,0,,,,,,,,,,,,,,,,
Sagouspe,Do Not Include,,Storage,0,--,,,,,,,0,,,,,,,,,,,,,,,,
Saguaro,Do Not Include,,Storage,0,--,,,,,,,68800,,,,,,,,,,,,,,,,
Saint Marys Diversion,Do Not Include,,Storage,0,--,,,,,,,0,,,,,,,,,,,,,,,,
Salmon Creek Diversion,Do Not Include,,Storage,0,--,,,,,,,0,,,,,,,,,,,,,,,,
Salton Sea,Do Not Include,,Storage,0,3711,,,,,,,,,,,,,,,,,,,,,,,
San Acacia Dam,Do Not Include,,Storage,0,--,,,,,,,0,,,,,,,,,,,,,,,,
San Justo,Do Not Include,,Storage,0,--,,,,,,9785,10117,,,,,,,,,,,,,,,,
San Luis,Do Not Include,,Storage,0,3730,,,,,,2010550,2089770,,,,,,,,,,,,,,,,
Sand Coulee Protective Dike,Do Not Include,,Storage,0,--,,,,,,,0,,,,,,,,,,,,,,,,
Sand Mesa 1,Do Not Include,,Storage,0,--,,,,,,,0,,,,,,,,,,,,,,,,
Sand Mesa 2,Do Not Include,,Storage,0,--,,,,,,,0,,,,,,,,,,,,,,,,
Santa Rosa,Include if possible,https://water.usace.army.mil/cda/reporting/providers/spa/timeseries?name=Santa%20Rosa.Stor.Inst.15Minutes.0.DCP-rev&begin=2026-01-27T04:54:15.485Z&end=2026-02-03T04:54:15.485Z&format=csv,Storage,USACE,spa/Santa Rosa.Stor.Inst.15Minutes.0.DCP-rev,https://water.usace.army.mil/cda/reporting/providers/spa/timeseries?name=Santa%20Rosa.Stor.Inst.15Minutes.0.DCP-rev&begin=1990-10-01T00:00:00.000Z&end=2020-10-01T00:00:00.000Z&format=csv,USACE https://w3.spa.usace.army.mil/wc/PertinentData/ Top of Dam Volume in Acre-Feet,"Daily data available in HDB and capacity data available here: https://w3.spa.usace.army.mil/wc/PertinentData/, https://water.usace.army.mil/overview/spa/locations/santa%20rosa",Use USACE data,"801,174",,,Santa Rosa,Santa Rosa Lake (Santa Rosa Dam),,,,,,Total,,,,,https://api.wwdh.internetofwater.app/collections/usace-edr/locations/261043?parameter-name=Conservation%20Storage&datetime=1990-10-01/2020-10-01&f=json,https://water.usace.army.mil/cda/reporting/providers/spa/timeseries?name=Santa%20Rosa.Stor.Inst.15Minutes.0.DCP-rev&begin=1990-10-01T00:00:00.000Z&end=2020-10-01T00:00:00.000Z&format=csv,USACE,
Sawyer Diversion,Do Not Include,,Storage,0,--,,,,,,,0,,,,,,,,,,,,,,,,
Scofield,Include,RISE,Storage,RISE,466,https://api.wwdh.internetofwater.app/collections/rise-edr/locations/466?limit=50000&datetime=1990-10-01/2020-10-01&f=json,USBR Enterprise Asset Registry,,,73600,65800,65800,Scofield,Scofield Reservoir (Scofield Dam),,,,,,Live,3,,65800,,https://api.wwdh.internetofwater.app/collections/rise-edr/locations/466?parameter-name=3&limit=50000&datetime=1990-10-01/2020-10-01&f=json,https://data.usbr.gov/rise/api/result?locationId%5B%5D=466&parameterId%5B%5D=3&dateTime%5Bafter%5D=1990-09-30&dateTime%5Bbefore%5D=2020-10-01&itemsPerPage=15000,Reclamation,
Scooteney,Include (Omit % Avg if needed),RISE,Storage,RISE,7266,https://api.wwdh.internetofwater.app/collections/rise-edr/locations/7266?limit=50000&datetime=1990-10-01/2020-10-01&f=json,USBR Enterprise Asset Registry,,,15250,6750,11650,Scooteney (Scooteney Dikes),Scooteney Reservoir (Scooteney Dikes),,,,,,Active,3,,6750,,https://api.wwdh.internetofwater.app/collections/rise-edr/locations/7266?parameter-name=3&limit=50000&datetime=1990-10-01/2020-10-01&f=json,https://data.usbr.gov/rise/api/result?locationId%5B%5D=7266&parameterId%5B%5D=3&dateTime%5Bafter%5D=1990-09-30&dateTime%5Bbefore%5D=2020-10-01&itemsPerPage=15000,Reclamation,
Selig Diversion,Do Not Include,,Storage,0,--,,,,,,,0,,,,,,,,,,,,,,,,
Seminoe,Include,RISE,Storage,RISE,467,https://api.wwdh.internetofwater.app/collections/rise-edr/locations/467?limit=50000&datetime=1990-10-01/2020-10-01&f=json,USBR Enterprise Asset Registry,,,1017273,985603,1016717,Seminoe,Seminoe Reservoir (Seminoe Dam),,,,,,Total,3,,1017273,,https://api.wwdh.internetofwater.app/collections/rise-edr/locations/467?parameter-name=3&limit=50000&datetime=1990-10-01/2020-10-01&f=json,https://data.usbr.gov/rise/api/result?locationId%5B%5D=467&parameterId%5B%5D=3&dateTime%5Bafter%5D=1990-09-30&dateTime%5Bbefore%5D=2020-10-01&itemsPerPage=15000,Reclamation,
Senator Wash,Do Not Include,,Storage,0,--,,,,,,7292,11984,,,,,,,,,,,,,,,,
Shadehill,Include,RISE,Storage,RISE,476,https://api.wwdh.internetofwater.app/collections/rise-edr/locations/476?limit=50000&datetime=1990-10-01/2020-10-01&f=json,USBR Enterprise Asset Registry,,,350176,306307,306307,Shadehill,Shadehill Reservoir (Shadehill Dam),,,,,,Active,3,Yes,76303,,https://api.wwdh.internetofwater.app/collections/rise-edr/locations/476?parameter-name=3&limit=50000&datetime=1990-10-01/2020-10-01&f=json,https://data.usbr.gov/rise/api/result?locationId%5B%5D=476&parameterId%5B%5D=3&dateTime%5Bafter%5D=1990-09-30&dateTime%5Bbefore%5D=2020-10-01&itemsPerPage=15000,Reclamation,
Shadow Mountain,Include,RISE,Storage,RISE,473,https://api.wwdh.internetofwater.app/collections/rise-edr/locations/473?limit=50000&datetime=1990-10-01/2020-10-01&f=json,USBR Enterprise Asset Registry,,,18369,1839,17863,Shadow Mountain,Shadow Mountain Lake (Shadow Mountain Dam),,,,,,Total,3,,18369,,https://api.wwdh.internetofwater.app/collections/rise-edr/locations/473?parameter-name=3&limit=50000&datetime=1990-10-01/2020-10-01&f=json,https://data.usbr.gov/rise/api/result?locationId%5B%5D=473&parameterId%5B%5D=3&dateTime%5Bafter%5D=1990-09-30&dateTime%5Bbefore%5D=2020-10-01&itemsPerPage=15000,Reclamation,
Shasta,Include,RISE,Storage,RISE,471,https://api.wwdh.internetofwater.app/collections/rise-edr/locations/471?limit=50000&datetime=1990-10-01/2020-10-01&f=json,USBR Enterprise Asset Registry,,,4552090,3964960,4436300,Shasta,Shasta Lake (Shasta Dam),,,,,,Total,3,,4552090,,https://api.wwdh.internetofwater.app/collections/rise-edr/locations/471?parameter-name=3&limit=50000&datetime=1990-10-01/2020-10-01&f=json,https://data.usbr.gov/rise/api/result?locationId%5B%5D=471&parameterId%5B%5D=3&dateTime%5Bafter%5D=1990-09-30&dateTime%5Bbefore%5D=2020-10-01&itemsPerPage=15000,Reclamation,
Sheckler,Do Not Include,,Storage,0,--,,,,,,,0,,,,,,,,,,,,,,,,
Sherburne,Include,RISE,Storage,RISE,475,https://api.wwdh.internetofwater.app/collections/rise-edr/locations/475?limit=50000&datetime=1990-10-01/2020-10-01&f=json,USBR Enterprise Asset Registry,,,66147,64248,64248,Sherburne (Lake Sherburne Dam),Lake Sherburne (Lake Sherburne Dam),,,,,,Total,3,,66147,,https://api.wwdh.internetofwater.app/collections/rise-edr/locations/475?parameter-name=3&limit=50000&datetime=1990-10-01/2020-10-01&f=json,https://data.usbr.gov/rise/api/result?locationId%5B%5D=475&parameterId%5B%5D=3&dateTime%5Bafter%5D=1990-09-30&dateTime%5Bbefore%5D=2020-10-01&itemsPerPage=15000,Reclamation,
Sheridan County State Lake,Do Not Include,,Storage,0,3712,,,,,,,,,,,,,,,,,,,,,,,
Silt Diversion Dam,Do Not Include,,Storage,0,--,,,,,,,0,,,,,,,,,,,,,,,,
Silver Jack,Include,RISE,Storage,RISE,477,https://api.wwdh.internetofwater.app/collections/rise-edr/locations/477?limit=50000&datetime=1990-10-01/2020-10-01&f=json,USBR Enterprise Asset Registry,,,13520,12820,13000,Silver Jack,Silver Jack Reservoir (Silver Jack Dam),,,,,,Total,3,,13520,,https://api.wwdh.internetofwater.app/collections/rise-edr/locations/477?parameter-name=3&limit=50000&datetime=1990-10-01/2020-10-01&f=json,https://data.usbr.gov/rise/api/result?locationId%5B%5D=477&parameterId%5B%5D=3&dateTime%5Bafter%5D=1990-09-30&dateTime%5Bbefore%5D=2020-10-01&itemsPerPage=15000,Reclamation,
Slaterville Diversion,Do Not Include,,Storage,0,--,,,,,,,0,,,,,,,,,,,,,,,,
Smith Fork Diversion Dam,Do Not Include,,Storage,0,--,,,,,,,0,,,,,,,,,,,,,,,,
Snyder,Do Not Include,,Storage,0,--,,,,,,,0,,,,,,,,,,,,,,,,
Soda,Do Not Include,,Storage,0,--,,,,,,,4400,,,,,,,,,,,,,,,,
Soda Creek Diversion,Do Not Include,,Storage,0,--,,,,,,,0,,,,,,,,,,,,,,,,
Soldiers Meadow,Include (Omit % Avg if needed),RISE,Storage,RISE,7199,https://api.wwdh.internetofwater.app/collections/rise-edr/locations/7199?limit=50000&datetime=1990-10-01/2020-10-01&f=json,USBR Enterprise Asset Registry,,,2370,2370,2366,Soldiers Meadow,Soldiers Meadow Reservoir (Soldiers Meadow Dam),,,,,,Active,3,,2370,,https://api.wwdh.internetofwater.app/collections/rise-edr/locations/7199?parameter-name=3&limit=50000&datetime=1990-10-01/2020-10-01&f=json,https://data.usbr.gov/rise/api/result?locationId%5B%5D=7199&parameterId%5B%5D=3&dateTime%5Bafter%5D=1990-09-30&dateTime%5Bbefore%5D=2020-10-01&itemsPerPage=15000,Reclamation,
South Cunningham Creek Diversion,Do Not Include,,Storage,0,--,,,,,,,0,,,,,,,,,,,,,,,,
South Fork Diversion,Do Not Include,,Storage,0,--,,,,,,,0,,,,,,,,,,,,,,,,
South Fork Little Butte Diversion,Do Not Include,,Storage,0,--,,,,,,,0,,,,,,,,,,,,,,,,
South Ogden Equalizing Reservoir 13,Do Not Include,,Storage,0,--,,,,,,,0,,,,,,,,,,,,,,,,
South Ogden Equalizing Reservoir 17,Do Not Include,,Storage,0,--,,,,,,,0,,,,,,,,,,,,,,,,
South Ogden Equalizing Reservoir 20,Do Not Include,,Storage,0,--,,,,,,,0,,,,,,,,,,,,,,,,
South Ogden Equalizing Reservoir 25,Do Not Include,,Storage,0,--,,,,,,,0,,,,,,,,,,,,,,,,
South Ogden Equalizing Reservoir 25A,Do Not Include,,Storage,0,--,,,,,,,0,,,,,,,,,,,,,,,,
South Ogden Equalizing Reservoir 25B,Do Not Include,,Storage,0,--,,,,,,,0,,,,,,,,,,,,,,,,
South Ogden Equalizing Reservoir 8,Do Not Include,,Storage,0,--,,,,,,,0,,,,,,,,,,,,,,,,
South Ogden Equalizing Reservoir P,Do Not Include,,Storage,0,--,,,,,,,0,,,,,,,,,,,,,,,,
Spanish Fork Diversion,Do Not Include,,Storage,0,--,,,,,,,0,,,,,,,,,,,,,,,,
Spectacle,Do Not Include,,Storage,0,--,,,,,,6250,6850,,,,,,,,,,,,,,,,
Spring Creek,Include,RISE,Storage,RISE,6,https://api.wwdh.internetofwater.app/collections/rise-edr/locations/6?limit=50000&datetime=1990-10-01/2020-10-01&f=json,USBR Enterprise Asset Registry,,,5874,5649,5649,Spring Creek (Spring Creek Debris Dam),Spring Creek Reservoir (Spring Creek Debris Dam),,,,,,Total,3,,5874,,https://api.wwdh.internetofwater.app/collections/rise-edr/locations/6?parameter-name=3&limit=50000&datetime=1990-10-01/2020-10-01&f=json,https://data.usbr.gov/rise/api/result?locationId%5B%5D=6&parameterId%5B%5D=3&dateTime%5Bafter%5D=1990-09-30&dateTime%5Bbefore%5D=2020-10-01&itemsPerPage=15000,Reclamation,
Stampede,Include if possible,USGS STAMPEDE RES NR BOCA CA - USGS-10344300,Storage,USGS STAMPEDE RES NR BOCA CA - USGS-10344300,10344300,https://api.waterdata.usgs.gov/ogcapi/v0/collections/daily/items?f=json&monitoring_location_id=USGS-10344300&parameter_code=00054&time=1990-10-01/2020-09-30&limit=50000,USBR Enterprise Asset Registry,USGS 10344300 STAMPEDE RES NR BOCA CA,Use USGS Data,226500,221500,225840,Stampede,Stampede Reservoir (Stampede Dam),-120.1039,39.4751,,,,Total,,,226500,,,https://api.waterdata.usgs.gov/ogcapi/v0/collections/daily/items?f=json&monitoring_location_id=USGS-10344300&parameter_code=00054&time=1990-10-01/2020-09-30&limit=50000,Reclamation,
Starvation,Include,RISE,Storage,RISE,484,https://api.wwdh.internetofwater.app/collections/rise-edr/locations/484?limit=50000&datetime=1990-10-01/2020-10-01&f=json,USBR Enterprise Asset Registry,,,164118,149460,162279,Starvation,Starvation Reservoir (Starvation Dam),,,,,,Live,3,,162279,,https://api.wwdh.internetofwater.app/collections/rise-edr/locations/484?parameter-name=3&limit=50000&datetime=1990-10-01/2020-10-01&f=json,https://data.usbr.gov/rise/api/result?locationId%5B%5D=484&parameterId%5B%5D=3&dateTime%5Bafter%5D=1990-09-30&dateTime%5Bbefore%5D=2020-10-01&itemsPerPage=15000,Reclamation,
Stateline,Include,RISE,Storage,RISE,485,https://api.wwdh.internetofwater.app/collections/rise-edr/locations/485?limit=50000&datetime=1990-10-01/2020-10-01&f=json,USBR Enterprise Asset Registry,,,14000,12000,13880,Stateline,Stateline Reservoir (Stateline Dam),,,,,,Live,3,,13880,,https://api.wwdh.internetofwater.app/collections/rise-edr/locations/485?parameter-name=3&limit=50000&datetime=1990-10-01/2020-10-01&f=json,https://data.usbr.gov/rise/api/result?locationId%5B%5D=485&parameterId%5B%5D=3&dateTime%5Bafter%5D=1990-09-30&dateTime%5Bbefore%5D=2020-10-01&itemsPerPage=15000,Reclamation,
Steinaker,Include,RISE,Storage,RISE,486,https://api.wwdh.internetofwater.app/collections/rise-edr/locations/486?limit=50000&datetime=1990-10-01/2020-10-01&f=json,USBR Enterprise Asset Registry,,,40043,34955,36148,Steinaker,Steinaker Reservoir (Steinaker Dam),,,,,,Live,3,,36148,,https://api.wwdh.internetofwater.app/collections/rise-edr/locations/486?parameter-name=3&limit=50000&datetime=1990-10-01/2020-10-01&f=json,https://data.usbr.gov/rise/api/result?locationId%5B%5D=486&parameterId%5B%5D=3&dateTime%5Bafter%5D=1990-09-30&dateTime%5Bbefore%5D=2020-10-01&itemsPerPage=15000,Reclamation,
Stoddard Diversion,Do Not Include,,Storage,0,--,,,,,,,0,,,,,,,,,,,,,,,,
Stony Gorge,Do Not Include,,Storage,0,--,,,,,,50350,58465,,,,,,,,,,,,,,,,
Strawberry,Include,RISE,Storage,RISE,488,https://api.wwdh.internetofwater.app/collections/rise-edr/locations/488?limit=50000&datetime=1990-10-01/2020-10-01&f=json,USBR Enterprise Asset Registry,,,1106500,951360,1105910,Strawberry (Soldier Creek Dam),Strawberry Reservoir (Soldier Creek Dam),,,,,,Live,3,,1105910,,https://api.wwdh.internetofwater.app/collections/rise-edr/locations/488?parameter-name=3&limit=50000&datetime=1990-10-01/2020-10-01&f=json,https://data.usbr.gov/rise/api/result?locationId%5B%5D=488&parameterId%5B%5D=3&dateTime%5Bafter%5D=1990-09-30&dateTime%5Bbefore%5D=2020-10-01&itemsPerPage=15000,Reclamation,
Sumner,Include,RISE,Storage,RISE,489,https://api.wwdh.internetofwater.app/collections/rise-edr/locations/489?limit=50000&datetime=1990-10-01/2020-10-01&f=json,USBR Enterprise Asset Registry,,,124119,126813,124119,Sumner,Sumner Lake (Sumner Dam),,,,,,Total,3,,35211,,https://api.wwdh.internetofwater.app/collections/rise-edr/locations/489?parameter-name=3&limit=50000&datetime=1990-10-01/2020-10-01&f=json,https://data.usbr.gov/rise/api/result?locationId%5B%5D=489&parameterId%5B%5D=3&dateTime%5Bafter%5D=1990-09-30&dateTime%5Bbefore%5D=2020-10-01&itemsPerPage=15000,Reclamation,
Sunnyside Diversion,Do Not Include,,Storage,0,--,,,,,,,0,,,,,,,,,,,,,,,,
Swanson,Include if possible,RISE (Pending),Storage,RISE (Pending),3667,https://api.wwdh.internetofwater.app/collections/rise-edr/locations/3667?limit=50000&datetime=1990-10-01/2020-10-01&f=json,USBR Enterprise Asset Registry,GP Hydromet - TRNE (has storage),Add Storage Data to RISE,244362,234033,243335,Swanson (Trenton Dam),Swanson Lake (Trenton Dam),,,,,,Total,3,,110175,,https://api.wwdh.internetofwater.app/collections/rise-edr/locations/3667?parameter-name=3&limit=50000&datetime=1990-10-01/2020-10-01&f=json,https://data.usbr.gov/rise/api/result?locationId%5B%5D=3667&parameterId%5B%5D=3&dateTime%5Bafter%5D=1990-09-30&dateTime%5Bbefore%5D=2020-10-01&itemsPerPage=15000,Reclamation,
Sweetwater Diversion,Do Not Include,,Storage,0,--,,,,,,,0,,,,,,,,,,,,,,,,
Swift Dam and,Do Not Include,,Storage,0,490,,,,,,,,,,,,,,,,,,,,,,,
Tahoe,Include if possible,USGS,Elevation,USGS,10337000,https://api.waterdata.usgs.gov/ogcapi/v0/collections/daily/items?f=json&monitoring_location_id=USGS-10337000&parameter_code=00065&time=1990-10-01/2020-09-30&limit=50000,USBR Enterprise Asset Registry,https://www.troa.net/tis/ https://nevada.usgs.gov/tahoe/LakeElevation.html,Use TROA data?,744000,744000,744000,Tahoe (Lake Tahoe Dam),Lake Tahoe Reservoir (Lake Tahoe Dam),-120.144,39.1671,,,,Active,,,744000,Storage and capacity values represent storage in the reservoir created by Lake Tahoe Dam above the natural rim of Lake Tahoe. ,,https://api.waterdata.usgs.gov/ogcapi/v0/collections/daily/items?f=json&monitoring_location_id=USGS-10337000&parameter_code=00065&time=1990-10-01/2020-09-30&limit=50000,Reclamation,00065
Taylor Park,Include,RISE,Storage,RISE,491,https://api.wwdh.internetofwater.app/collections/rise-edr/locations/491?limit=50000&datetime=1990-10-01/2020-10-01&f=json,USBR Enterprise Asset Registry,,,106225,106210,106210,Taylor Park,Taylor Park Reservoir (Taylor Park Dam),,,,,,Total,3,,106225,,https://api.wwdh.internetofwater.app/collections/rise-edr/locations/491?parameter-name=3&limit=50000&datetime=1990-10-01/2020-10-01&f=json,https://data.usbr.gov/rise/api/result?locationId%5B%5D=491&parameterId%5B%5D=3&dateTime%5Bafter%5D=1990-09-30&dateTime%5Bbefore%5D=2020-10-01&itemsPerPage=15000,Reclamation,
Terminal,Do Not Include,,Storage,0,--,,,,,,119,119,,,,,,,,,,,,,,,,
Texana,Do Not Include,,Storage,0,3660,,,,,,,,,,,,,,,,,,,,,,,
Theodore Roosevelt,Do Not Include,,Storage,0,3713,,,,,,2173968,2173968,,,,,,,,,,,,,,,,
Thief Valley,Include (Omit % Avg if needed),RISE,Storage,RISE,3668,https://api.wwdh.internetofwater.app/collections/rise-edr/locations/3668?limit=50000&datetime=1990-10-01/2020-10-01&f=json,USBR Enterprise Asset Registry,,,13307,13307,13137,Thief Valley,Thief Valley Reservoir (Thief Valley Dam),,,,,,Active,3,,13307,,https://api.wwdh.internetofwater.app/collections/rise-edr/locations/3668?parameter-name=3&limit=50000&datetime=1990-10-01/2020-10-01&f=json,https://data.usbr.gov/rise/api/result?locationId%5B%5D=3668&parameterId%5B%5D=3&dateTime%5Bafter%5D=1990-09-30&dateTime%5Bbefore%5D=2020-10-01&itemsPerPage=15000,Reclamation,
Three Mile Falls Diversion,Do Not Include,,Storage,0,--,,,,,,,0,,,,,,,,,,,,,,,,
Thunderbird,Include if possible,RISE (Pending),Storage,RISE (Pending),3674,https://api.wwdh.internetofwater.app/collections/rise-edr/locations/3674?limit=50000&datetime=1990-10-01/2020-10-01&f=json,USBR Enterprise Asset Registry,GP Hydromet - NORMAN (has storage),Add Storage Data to RISE,172718,161612,171848,Thunderbird (Norman Dam),Lake Thunderbird (Norman Dam),,,,,,Total,3,,103840,,https://api.wwdh.internetofwater.app/collections/rise-edr/locations/3674?parameter-name=3&limit=50000&datetime=1990-10-01/2020-10-01&f=json,https://data.usbr.gov/rise/api/result?locationId%5B%5D=3674&parameterId%5B%5D=3&dateTime%5Bafter%5D=1990-09-30&dateTime%5Bbefore%5D=2020-10-01&itemsPerPage=15000,Reclamation,
Tieton Diversion,Do Not Include,,Storage,0,--,,,,,,,0,,,,,,,,,,,,,,,,
Timpanogos Diversion,Do Not Include,,Storage,0,--,,,,,,,0,,,,,,,,,,,,,,,,
Toats Coulee Creek Diversion,Do Not Include,,Storage,0,--,,,,,,,0,,,,,,,,,,,,,,,,
Tom Steed,Include,RISE,Storage,RISE,3670,https://api.wwdh.internetofwater.app/collections/rise-edr/locations/3670?limit=50000&datetime=1990-10-01/2020-10-01&f=json,USBR Enterprise Asset Registry,,,119051,114953,119035,Tom Steed (Mountain Park Dam),Tom Steed Reservoir (Mountain Park Dam),,,,,,Total,3,,98246,,https://api.wwdh.internetofwater.app/collections/rise-edr/locations/3670?parameter-name=3&limit=50000&datetime=1990-10-01/2020-10-01&f=json,https://data.usbr.gov/rise/api/result?locationId%5B%5D=3670&parameterId%5B%5D=3&dateTime%5Bafter%5D=1990-09-30&dateTime%5Bbefore%5D=2020-10-01&itemsPerPage=15000,Reclamation,
Trail Lake (WA),Do Not Include,,Storage,0,--,,,,,,,0,,,,,,,,,,,,,,,,
Trial,Include (Omit % Avg),RISE,Storage,RISE,3208,https://api.wwdh.internetofwater.app/collections/rise-edr/locations/3208?limit=50000&datetime=1990-10-01/2020-10-01&f=json,USBR Enterprise Asset Registry,,,1928,1661,1702,Trial (Trial Lake Dam),Trial Lake (Trial Lake Dam),,,,,,Live,3,,1661,,https://api.wwdh.internetofwater.app/collections/rise-edr/locations/3208?parameter-name=3&limit=50000&datetime=1990-10-01/2020-10-01&f=json,https://data.usbr.gov/rise/api/result?locationId%5B%5D=3208&parameterId%5B%5D=3&dateTime%5Bafter%5D=1990-09-30&dateTime%5Bbefore%5D=2020-10-01&itemsPerPage=15000,Reclamation,
Trinity,Include,RISE,Storage,RISE,3203,https://api.wwdh.internetofwater.app/collections/rise-edr/locations/3203?limit=50000&datetime=1990-10-01/2020-10-01&f=json,USBR Enterprise Asset Registry,,,2447650,2135010,2437630,Trinity,Trinity Lake (Trinity Dam),,,,,,Total,3,,2447650,,https://api.wwdh.internetofwater.app/collections/rise-edr/locations/3203?parameter-name=3&limit=50000&datetime=1990-10-01/2020-10-01&f=json,https://data.usbr.gov/rise/api/result?locationId%5B%5D=3203&parameterId%5B%5D=3&dateTime%5Bafter%5D=1990-09-30&dateTime%5Bbefore%5D=2020-10-01&itemsPerPage=15000,Reclamation,
Tschida,Include,RISE,Storage,RISE,402,https://api.wwdh.internetofwater.app/collections/rise-edr/locations/402?limit=50000&datetime=1990-10-01/2020-10-01&f=json,USBR Enterprise Asset Registry,,,212696,208368,208368,Tschida (Heart Butte Dam),Lake Tschida (Heart Butte Dam),,,,,,Active,3,Yes,60763,,https://api.wwdh.internetofwater.app/collections/rise-edr/locations/402?parameter-name=3&limit=50000&datetime=1990-10-01/2020-10-01&f=json,https://data.usbr.gov/rise/api/result?locationId%5B%5D=402&parameterId%5B%5D=3&dateTime%5Bafter%5D=1990-09-30&dateTime%5Bbefore%5D=2020-10-01&itemsPerPage=15000,Reclamation,
Tub Springs Creek Diversion,Do Not Include,,Storage,0,--,,,,,,,0,,,,,,,,,,,,,,,,
Turquoise,Include,RISE,Storage,RISE,498,https://api.wwdh.internetofwater.app/collections/rise-edr/locations/498?limit=50000&datetime=1990-10-01/2020-10-01&f=json,USBR Enterprise Asset Registry,,,129398,120478,126588,Turquoise (Sugar Loaf Dam),Turquoise Lake (Sugar Loaf Dam),,,,,,Total,3,,129398,,https://api.wwdh.internetofwater.app/collections/rise-edr/locations/498?parameter-name=3&limit=50000&datetime=1990-10-01/2020-10-01&f=json,https://data.usbr.gov/rise/api/result?locationId%5B%5D=498&parameterId%5B%5D=3&dateTime%5Bafter%5D=1990-09-30&dateTime%5Bbefore%5D=2020-10-01&itemsPerPage=15000,Reclamation,
Twin Buttes,Include if possible,RISE (Pending),Storage,RISE (Pending),7304,https://api.wwdh.internetofwater.app/collections/rise-edr/locations/7304?limit=50000&datetime=1990-10-01/2020-10-01&f=json,USBR Enterprise Asset Registry,GP Hydromet - TRGT (has storage),Add Storage Data to RISE,641234,632887,632887,Twin Buttes,Twin Buttes Reservoir (Twin Buttes Dam),-100.5284,31.3656,,,,Total,3,,186468,,https://api.wwdh.internetofwater.app/collections/rise-edr/locations/7304?parameter-name=3&limit=50000&datetime=1990-10-01/2020-10-01&f=json,https://data.usbr.gov/rise/api/result?locationId%5B%5D=7304&parameterId%5B%5D=3&dateTime%5Bafter%5D=1990-09-30&dateTime%5Bbefore%5D=2020-10-01&itemsPerPage=15000,Reclamation,
Twin Lakes,Include,RISE,Storage,RISE,499,https://api.wwdh.internetofwater.app/collections/rise-edr/locations/499?limit=50000&datetime=1990-10-01/2020-10-01&f=json,USBR Enterprise Asset Registry,,,141000,68000,86000,Twin Lakes,Twin Lakes (Twin Lakes Dam),,,,,,Total,3,,140749,,https://api.wwdh.internetofwater.app/collections/rise-edr/locations/499?parameter-name=3&limit=50000&datetime=1990-10-01/2020-10-01&f=json,https://data.usbr.gov/rise/api/result?locationId%5B%5D=499&parameterId%5B%5D=3&dateTime%5Bafter%5D=1990-09-30&dateTime%5Bbefore%5D=2020-10-01&itemsPerPage=15000,Reclamation,
Twitchell,Do Not Include,,Storage,0,--,,,,,,198000,198000,,,,,,,,,,,,,,,,
Unity,Include (Omit % Avg if needed),RISE,Storage,RISE,3671,https://api.wwdh.internetofwater.app/collections/rise-edr/locations/3671?limit=50000&datetime=1990-10-01/2020-10-01&f=json,USBR Enterprise Asset Registry,,,25500,24970,24970,Unity,Unity Reservoir (Unity Dam),,,,,,Active,3,,24970,,https://api.wwdh.internetofwater.app/collections/rise-edr/locations/3671?parameter-name=3&limit=50000&datetime=1990-10-01/2020-10-01&f=json,https://data.usbr.gov/rise/api/result?locationId%5B%5D=3671&parameterId%5B%5D=3&dateTime%5Bafter%5D=1990-09-30&dateTime%5Bbefore%5D=2020-10-01&itemsPerPage=15000,Reclamation,
Upper Cottonwood,Do Not Include,,Storage,0,--,,,,,,,0,,,,,,,,,,,,,,,,
Upper Klamath,Include if possible,USGS Elevation https://waterdata.usgs.gov/monitoring-location/USGS-11507001,Elevation,USGS,11507001,https://api.waterdata.usgs.gov/ogcapi/v0/collections/daily/items?f=json&monitoring_location_id=USGS-11507001&parameter_code=62614&time=1990-10-01/2020-09-30&limit=50000,USBR Enterprise Asset Registry,Storage: USGS?USGS Elevation: https://waterdata.usgs.gov/monitoring-location/USGS-11507001,"Use USGS Data, calculate storage from elevation",735000,523700,523700,Upper Klamath (Link River Diversion Dam),Upper Klamath Lake (Link River Diversion Dam),-121.8019,42.2339,,,,Total,,,735000,,,https://api.waterdata.usgs.gov/ogcapi/v0/collections/daily/items?f=json&monitoring_location_id=USGS-11507001&parameter_code=00054&time=1990-10-01/2020-09-30&limit=50000,Reclamation,
Upper Slaven Diversion,Do Not Include,,Storage,0,--,,,,,,,0,,,,,,,,,,,,,,,,
Upper Stillwater,Include,RISE,Storage,RISE,500,https://api.wwdh.internetofwater.app/collections/rise-edr/locations/500?limit=50000&datetime=1990-10-01/2020-10-01&f=json,USBR Enterprise Asset Registry,,,32009,29884,31382,Upper Stillwater,Upper Stillwater Reservoir (Upper Stillwater Dam),,,,,,Live,3,,31382,,https://api.wwdh.internetofwater.app/collections/rise-edr/locations/500?parameter-name=3&limit=50000&datetime=1990-10-01/2020-10-01&f=json,https://data.usbr.gov/rise/api/result?locationId%5B%5D=500&parameterId%5B%5D=3&dateTime%5Bafter%5D=1990-09-30&dateTime%5Bbefore%5D=2020-10-01&itemsPerPage=15000,Reclamation,
Utah,Include if possible,RISE (Pending),Storage,RISE (Pending),3206,https://api.wwdh.internetofwater.app/collections/rise-edr/locations/3206?limit=50000&datetime=1990-10-01/2020-10-01&f=json,TBD,"https://www.usbr.gov/uc/water/hydrodata/reservoir_data/3606/dashboard.html Daily storage data available in HDB, capacity data ?",Add Storage Data to RISE,--,,,Utah Lake,Utah Lake,,,,,,Total,3,,870000,,https://api.wwdh.internetofwater.app/collections/rise-edr/locations/3206?parameter-name=3&limit=50000&datetime=1990-10-01/2020-10-01&f=json,https://data.usbr.gov/rise/api/result?locationId%5B%5D=3206&parameterId%5B%5D=3&dateTime%5Bafter%5D=1990-09-30&dateTime%5Bbefore%5D=2020-10-01&itemsPerPage=15000,Natural Lake,
Ute,Do Not Include,,Storage,0,3714,,,,,,,,,,,,,,,,,,,,,,,
Vallecito,Include,RISE,Storage,RISE,501,https://api.wwdh.internetofwater.app/collections/rise-edr/locations/501?limit=50000&datetime=1990-10-01/2020-10-01&f=json,USBR Enterprise Asset Registry,,,129700,125400,125400,Vallecito,Vallecito Reservoir (Vallecito Dam),,,,,,Total,3,,129678,,https://api.wwdh.internetofwater.app/collections/rise-edr/locations/501?parameter-name=3&limit=50000&datetime=1990-10-01/2020-10-01&f=json,https://data.usbr.gov/rise/api/result?locationId%5B%5D=501&parameterId%5B%5D=3&dateTime%5Bafter%5D=1990-09-30&dateTime%5Bbefore%5D=2020-10-01&itemsPerPage=15000,Reclamation,
Vandalia Diversion,Do Not Include,,Storage,0,--,,,,,,,0,,,,,,,,,,,,,,,,
Vat Diversion,Do Not Include,,Storage,0,--,,,,,,,0,,,,,,,,,,,,,,,,
Vega,Include if possible,RISE (Pending),Storage,RISE (Pending),7327,https://api.wwdh.internetofwater.app/collections/rise-edr/locations/7327?limit=50000&datetime=1990-10-01/2020-10-01&f=json,USBR Enterprise Asset Registry,https://www.usbr.gov/uc/water/hydrodata/reservoir_data/924/dashboard.html,Add Storage Data to RISE,33800,32980,32980,Vega,Vega Reservoir (Vega Dam),-107.8108,39.2243,,,,Total,3,,33800,,https://api.wwdh.internetofwater.app/collections/rise-edr/locations/7327?parameter-name=3&limit=50000&datetime=1990-10-01/2020-10-01&f=json,https://data.usbr.gov/rise/api/result?locationId%5B%5D=7327&parameterId%5B%5D=3&dateTime%5Bafter%5D=1990-09-30&dateTime%5Bbefore%5D=2020-10-01&itemsPerPage=15000,Reclamation,
Waconda,Include,RISE,Storage,RISE,504,https://api.wwdh.internetofwater.app/collections/rise-edr/locations/504?limit=50000&datetime=1990-10-01/2020-10-01&f=json,USBR Enterprise Asset Registry,GP Hydromet - WAKS,,942408,916171,942160,Waconda (Glen Elder Dam),Waconda Lake (Glen Elder Dam),,,,,,Total,3,,219420,,https://api.wwdh.internetofwater.app/collections/rise-edr/locations/504?parameter-name=3&limit=50000&datetime=1990-10-01/2020-10-01&f=json,https://data.usbr.gov/rise/api/result?locationId%5B%5D=504&parameterId%5B%5D=3&dateTime%5Bafter%5D=1990-09-30&dateTime%5Bbefore%5D=2020-10-01&itemsPerPage=15000,Reclamation,
Waha,Do Not Include,,Storage,0,3661,,,,,,,,,,,,,,,,,,,,,,,
Walcott,Include (Omit % Avg if needed),RISE,Storage,RISE,7191,https://api.wwdh.internetofwater.app/collections/rise-edr/locations/7191?limit=50000&datetime=1990-10-01/2020-10-01&f=json,USBR Enterprise Asset Registry,,,210200,95200,0,Walcott (Minidoka Dam),Lake Walcott (Minidoka Dam),,,,,,Active,3,,95200,,https://api.wwdh.internetofwater.app/collections/rise-edr/locations/7191?parameter-name=3&limit=50000&datetime=1990-10-01/2020-10-01&f=json,https://data.usbr.gov/rise/api/result?locationId%5B%5D=7191&parameterId%5B%5D=3&dateTime%5Bafter%5D=1990-09-30&dateTime%5Bbefore%5D=2020-10-01&itemsPerPage=15000,Reclamation,
Wapato Lake Diversion,Do Not Include,,Storage,0,--,,,,,,,0,,,,,,,,,,,,,,,,
Wapatox Diversion,Do Not Include,,Storage,0,--,,,,,,,0,,,,,,,,,,,,,,,,
Warm Springs,Include (Omit % Avg if needed),RISE,Storage,RISE,3672,https://api.wwdh.internetofwater.app/collections/rise-edr/locations/3672?limit=50000&datetime=1990-10-01/2020-10-01&f=json,USBR Enterprise Asset Registry,,,169714,169639,169639,Warm Springs,Warm Springs Reservoir (Warm Springs Dam),,,,,,Active,3,,169639,,https://api.wwdh.internetofwater.app/collections/rise-edr/locations/3672?parameter-name=3&limit=50000&datetime=1990-10-01/2020-10-01&f=json,https://data.usbr.gov/rise/api/result?locationId%5B%5D=3672&parameterId%5B%5D=3&dateTime%5Bafter%5D=1990-09-30&dateTime%5Bbefore%5D=2020-10-01&itemsPerPage=15000,Reclamation,
Warren H. Brock,Do Not Include,,Storage,0,--,,,,,,,0,,,,,,,,,,,,,,,,
Wasatch Diversion,Do Not Include,,Storage,0,--,,,,,,,0,,,,,,,,,,,,,,,,
Washington,Include (Omit % Avg),RISE,Storage,RISE,3207,https://api.wwdh.internetofwater.app/collections/rise-edr/locations/3207?limit=50000&datetime=1990-10-01/2020-10-01&f=json,USBR Enterprise Asset Registry,,,3055,2705,2705,Washington (Washington Lake Dam),Washington Lake (Washington Lake Dam),,,,,,Live,3,,2705,,https://api.wwdh.internetofwater.app/collections/rise-edr/locations/3207?parameter-name=3&limit=50000&datetime=1990-10-01/2020-10-01&f=json,https://data.usbr.gov/rise/api/result?locationId%5B%5D=3207&parameterId%5B%5D=3&dateTime%5Bafter%5D=1990-09-30&dateTime%5Bbefore%5D=2020-10-01&itemsPerPage=15000,Reclamation,
Water Hollow Diversion,Do Not Include,,Storage,0,--,,,,,,,0,,,,,,,,,,,,,,,,
Webb Creek Diversion,Do Not Include,,Storage,0,--,,,,,,,0,,,,,,,,,,,,,,,,
Weber Basin Equalizing Reservoir 1.9,Do Not Include,,Storage,0,--,,,,,,,0,,,,,,,,,,,,,,,,
Weber Basin Equalizing Reservoir 17.2,Do Not Include,,Storage,0,--,,,,,,,0,,,,,,,,,,,,,,,,
Weber Basin Equalizing Reservoir 17.8,Do Not Include,,Storage,0,--,,,,,,,0,,,,,,,,,,,,,,,,
Weber Basin Equalizing Reservoir 18 Lower,Do Not Include,,Storage,0,--,,,,,,,0,,,,,,,,,,,,,,,,
Weber Basin Equalizing Reservoir 18 Upper,Do Not Include,,Storage,0,--,,,,,,,0,,,,,,,,,,,,,,,,
Weber Basin Equalizing Reservoir 18.5,Do Not Include,,Storage,0,--,,,,,,,0,,,,,,,,,,,,,,,,
Weber Basin Equalizing Reservoir 18.8,Do Not Include,,Storage,0,--,,,,,,,0,,,,,,,,,,,,,,,,
Weber Basin Equalizing Reservoir 18.9,Do Not Include,,Storage,0,--,,,,,,,0,,,,,,,,,,,,,,,,
Weber Basin Equalizing Reservoir 19.5 Lower,Do Not Include,,Storage,0,--,,,,,,,0,,,,,,,,,,,,,,,,
Weber Basin Equalizing Reservoir 19.5 Upper,Do Not Include,,Storage,0,--,,,,,,,0,,,,,,,,,,,,,,,,
Weber Basin Equalizing Reservoir 2.6,Do Not Include,,Storage,0,--,,,,,,,0,,,,,,,,,,,,,,,,
Weber Basin Equalizing Reservoir 4.3,Do Not Include,,Storage,0,--,,,,,,,0,,,,,,,,,,,,,,,,
Weber Basin Equalizing Reservoir 5.0,Do Not Include,,Storage,0,--,,,,,,,0,,,,,,,,,,,,,,,,
Weber Basin Equalizing Reservoir Combe,Do Not Include,,Storage,0,--,,,,,,,0,,,,,,,,,,,,,,,,
Weber Basin Equalizing Reservoir East Sand Ridge,Do Not Include,,Storage,0,--,,,,,,,0,,,,,,,,,,,,,,,,
Weber Basin Equalizing Reservoir Farmington,Do Not Include,,Storage,0,--,,,,,,,0,,,,,,,,,,,,,,,,
Weber Basin Equalizing Reservoir P3.7,Do Not Include,,Storage,0,--,,,,,,,0,,,,,,,,,,,,,,,,
Weber Basin Equalizing Reservoir Uintah Bench Lower,Do Not Include,,Storage,0,--,,,,,,,0,,,,,,,,,,,,,,,,
Weber Basin Equalizing Reservoir Uintah Bench Upper,Do Not Include,,Storage,0,--,,,,,,,0,,,,,,,,,,,,,,,,
Weber Basin Equalizing Reservoir West Sand Ridge,Do Not Include,,Storage,0,--,,,,,,,0,,,,,,,,,,,,,,,,
Weber Provo Diversion,Do Not Include,,Storage,0,--,,,,,,,0,,,,,,,,,,,,,,,,
Webster,Include,RISE,Storage,RISE,506,https://api.wwdh.internetofwater.app/collections/rise-edr/locations/506?limit=50000&datetime=1990-10-01/2020-10-01&f=json,USBR Enterprise Asset Registry,GP Hydromet - WBKS,,259510,255279,258254,Webster,Webster Reservoir (Webster Dam),,,,,,Total,3,,76157,,https://api.wwdh.internetofwater.app/collections/rise-edr/locations/506?parameter-name=3&limit=50000&datetime=1990-10-01/2020-10-01&f=json,https://data.usbr.gov/rise/api/result?locationId%5B%5D=506&parameterId%5B%5D=3&dateTime%5Bafter%5D=1990-09-30&dateTime%5Bbefore%5D=2020-10-01&itemsPerPage=15000,Reclamation,
West Park,Do Not Include,,Storage,0,--,,,,,,,0,,,,,,,,,,,,,,,,
Whalen Diversion,Do Not Include,,Storage,0,--,,,,,,,0,,,,,,,,,,,,,,,,
Whatcom,Do Not Include,,Storage,0,3662,,,,,,,,,,,,,,,,,,,,,,,
Whiskeytown,Include,RISE,Storage,RISE,509,https://api.wwdh.internetofwater.app/collections/rise-edr/locations/509?limit=50000&datetime=1990-10-01/2020-10-01&f=json,USBR Enterprise Asset Registry,,,241096,213554,241088,Whiskeytown,Whiskeytown Lake (Whiskeytown Dam),,,,,,Total,3,,241096,,https://api.wwdh.internetofwater.app/collections/rise-edr/locations/509?parameter-name=3&limit=50000&datetime=1990-10-01/2020-10-01&f=json,https://data.usbr.gov/rise/api/result?locationId%5B%5D=509&parameterId%5B%5D=3&dateTime%5Bafter%5D=1990-09-30&dateTime%5Bbefore%5D=2020-10-01&itemsPerPage=15000,Reclamation,
Wickiup,Include (Omit % Avg if needed),RISE,Storage,RISE,7201,https://api.wwdh.internetofwater.app/collections/rise-edr/locations/7201?limit=50000&datetime=1990-10-01/2020-10-01&f=json,USBR Enterprise Asset Registry,,,200000,200000,0,Wickiup,Wickiup Reservoir (Wickiup Dam),,,,,,Active,3,,200000,,https://api.wwdh.internetofwater.app/collections/rise-edr/locations/7201?parameter-name=3&limit=50000&datetime=1990-10-01/2020-10-01&f=json,https://data.usbr.gov/rise/api/result?locationId%5B%5D=7201&parameterId%5B%5D=3&dateTime%5Bafter%5D=1990-09-30&dateTime%5Bbefore%5D=2020-10-01&itemsPerPage=15000,Reclamation,
Willard Bay,Include,RISE,Storage,RISE,512,https://api.wwdh.internetofwater.app/collections/rise-edr/locations/512?limit=50000&datetime=1990-10-01/2020-10-01&f=json,USBR Enterprise Asset Registry,,,247302,202160,222273,Willard Bay (Arthur V. Watkins Dam),Willard Bay Reservoir (Arthur V. Watkins Dam),,,,,,Live,3,,222273,,https://api.wwdh.internetofwater.app/collections/rise-edr/locations/512?parameter-name=3&limit=50000&datetime=1990-10-01/2020-10-01&f=json,https://data.usbr.gov/rise/api/result?locationId%5B%5D=512&parameterId%5B%5D=3&dateTime%5Bafter%5D=1990-09-30&dateTime%5Bbefore%5D=2020-10-01&itemsPerPage=15000,Reclamation,
Willow Creek Forebay,Do Not Include,,Storage,0,--,,,,,,,0,,,,,,,,,,,,,,,,
Willow Creek Reservoir CO,Include,RISE,Storage,RISE,515,https://api.wwdh.internetofwater.app/collections/rise-edr/locations/515?limit=50000&datetime=1990-10-01/2020-10-01&f=json,USBR Enterprise Asset Registry,,,10553,3329,9067,Willow Creek Reservoir (CO),Willow Creek Reservoir (CO) (Willow Creek Dam),,,,,,Total,3,,10553,,https://api.wwdh.internetofwater.app/collections/rise-edr/locations/515?parameter-name=3&limit=50000&datetime=1990-10-01/2020-10-01&f=json,https://data.usbr.gov/rise/api/result?locationId%5B%5D=515&parameterId%5B%5D=3&dateTime%5Bafter%5D=1990-09-30&dateTime%5Bbefore%5D=2020-10-01&itemsPerPage=15000,Reclamation,
Willow Creek Reservoir MT,Include,RISE,Storage,RISE,508,https://api.wwdh.internetofwater.app/collections/rise-edr/locations/508?limit=50000&datetime=1990-10-01/2020-10-01&f=json,USBR Enterprise Asset Registry,,,31848,31847,31847,Willow Creek Reservoir (MT),Willow Creek Reservoir (MT) (Willow Creek Dam),,,,,,Total,3,,31852,,https://api.wwdh.internetofwater.app/collections/rise-edr/locations/508?parameter-name=3&limit=50000&datetime=1990-10-01/2020-10-01&f=json,https://data.usbr.gov/rise/api/result?locationId%5B%5D=508&parameterId%5B%5D=3&dateTime%5Bafter%5D=1990-09-30&dateTime%5Bbefore%5D=2020-10-01&itemsPerPage=15000,Reclamation,
Willwood Diversion,Do Not Include,,Storage,0,--,,,,,,,0,,,,,,,,,,,,,,,,
Win Diversion,Do Not Include,,Storage,0,--,,,,,,,0,,,,,,,,,,,,,,,,
Wind River Diversion,Do Not Include,,Storage,0,--,,,,,,,0,,,,,,,,,,,,,,,,
Winters Creek,Do Not Include,,Storage,0,507,,,,,,,,,,,,,,,,,,,,,,,
Woodston Diversion,Do Not Include,,Storage,0,--,,,,,,,0,,,,,,,,,,,,,,,,
Yellowstone River Diversion,Do Not Include,,Storage,0,--,,,,,,,0,,,,,,,,,,,,,,,,
Yellowtail Afterbay,Do Not Include,,Storage,0,6882,,,,,,2877,0,,,,,,,,Total,,,2877,,,,,
Zuni Salt,Do Not Include,,Storage,0,3735,,,,,,,,,,,,,,,,,,,,,,,